Car Name,Company,Year of Manufacture,Distance Driven,Fuel Type,Gear Type,EMI,Price
Maruti Wagon R 1.0,Maruti,2015,"11,959 km",Petrol,Manual,"EMI ₹6,077/m*",₹2.31 lakh
Hyundai Xcent,Hyundai,2017,"30,577 km",Petrol,Manual,"EMI ₹6,256/m*",₹3.20 lakh
Tata NEXON,Tata,2019,"31,721 km",Petrol,Manual,"EMI ₹7,591/m*",₹4.30 lakh
Maruti Ciaz,Maruti,2018,"49,622 km",Petrol,Manual,"EMI ₹7,061/m*",₹4.00 lakh
Tata ALTROZ,Tata,2022,"38,959 km",Petrol,Manual,"EMI ₹10,062/m*",₹5.70 lakh
Volkswagen Ameo,Volkswagen,2017,"68,886 km",Petrol,Manual,"EMI ₹5,572/m*",₹2.85 lakh
Maruti Ciaz,Maruti,2021,"78,666 km",Petrol,Manual,"EMI ₹9,003/m*",₹5.10 lakh
Jeep Compass,Jeep,2018,"67,384 km",Petrol,Auto,"EMI ₹12,883/m*",₹7.30 lakh
Tata NEXON,Tata,2018,"55,388 km",Petrol,Auto,"EMI ₹8,478/m*",₹4.80 lakh
Maruti Baleno,Maruti,2021,"22,169 km",Petrol,Auto,"EMI ₹9,095/m*",₹5.15 lakh
Honda WR-V,Honda,2018,"39,230 km",Petrol,Manual,"EMI ₹5,705/m*",₹3.23 lakh
Honda Amaze,Honda,2018,"1,00,226 km",Diesel,Manual,"EMI ₹10,010/m*",₹4.50 lakh
Honda Jazz,Honda,2016,"38,572 km",Petrol,Manual,"EMI ₹5,672/m*",₹2.55 lakh
Skoda Octavia,Skoda,2018,"51,352 km",Petrol,Auto,"EMI ₹18,321/m*",₹10.70 lakh
Skoda Superb,Skoda,2019,"23,235 km",Petrol,Auto,"EMI ₹18,835/m*",₹11.00 lakh
KIA SELTOS,KIA,2020,"52,905 km",Petrol,Manual,"EMI ₹14,035/m*",₹8.20 lakh
Tata Tiago,Tata,2022,"27,278 km",Petrol,Manual,"EMI ₹7,071/m*",₹4.01 lakh
Honda Amaze,Honda,2022,"14,306 km",Petrol,Auto,"EMI ₹11,121/m*",₹6.30 lakh
Honda WR-V,Honda,2018,"36,420 km",Petrol,Manual,"EMI ₹7,679/m*",₹4.35 lakh
Honda WR-V,Honda,2017,"55,352 km",Petrol,Manual,"EMI ₹6,916/m*",₹3.54 lakh
Maruti Vitara Brezza,Maruti,2019,"57,090 km",Diesel,Auto,"EMI ₹9,882/m*",₹5.60 lakh
Honda Brio,Honda,2013,"67,018 km",Petrol,Manual,"EMI ₹7,183/m*",₹1.53 lakh
KIA SELTOS,KIA,2022,"20,815 km",Petrol,Manual,"EMI ₹14,897/m*",₹8.70 lakh
Maruti Vitara Brezza,Maruti,2021,"62,466 km",Petrol,Manual,"EMI ₹11,739/m*",₹6.65 lakh
Hyundai GRAND I10 NIOS,Hyundai,2022,"11,002 km",Petrol,Manual,"EMI ₹7,202/m*",₹4.08 lakh
Mahindra XUV300,Mahindra,2021,"39,740 km",Petrol,Manual,"EMI ₹11,206/m*",₹6.35 lakh
Maruti Ertiga,Maruti,2021,"79,857 km",Petrol,Manual,"EMI ₹11,497/m*",₹6.51 lakh
Renault Kwid,Renault,2016,"23,438 km",Petrol,Auto,"EMI ₹4,110/m*",₹1.85 lakh
Honda City,Honda,2016,"1,11,496 km",Petrol,Manual,"EMI ₹7,674/m*",₹3.45 lakh
Honda Jazz,Honda,2018,"84,718 km",Diesel,Manual,"EMI ₹7,630/m*",₹3.90 lakh
MG HECTOR PLUS,MG,2020,"91,408 km",Petrol,Manual,"EMI ₹16,609/m*",₹9.70 lakh
Hyundai Verna,Hyundai,2015,"23,905 km",Petrol,Manual,"EMI ₹6,973/m*",₹2.65 lakh
Tata NEXON,Tata,2022,"66,589 km",Petrol,Manual,"EMI ₹8,821/m*",₹5.00 lakh
KIA CARENS,KIA,2023,"12,078 km",Petrol,Auto,"EMI ₹24,719/m*",₹14.44 lakh
Ford FREESTYLE,Ford,2021,"1,13,880 km",Petrol,Manual,"EMI ₹9,788/m*",₹4.40 lakh
Toyota Glanza,Toyota,2019,"45,930 km",Petrol,Manual,"EMI ₹7,502/m*",₹4.25 lakh
Maruti S PRESSO,Maruti,2024,"4,041 km",Petrol,Manual,"EMI ₹6,796/m*",₹3.85 lakh
Hyundai New Elantra,Hyundai,2019,"54,199 km",Petrol,Auto,"EMI ₹12,533/m*",₹7.10 lakh
Tata NEXON,Tata,2023,"19,428 km",Petrol,Auto,"EMI ₹15,406/m*",₹9.00 lakh
KIA SELTOS,KIA,2019,"54,013 km",Petrol,Auto,"EMI ₹13,332/m*",₹7.55 lakh
Hyundai Verna,Hyundai,2024,"5,364 km",Petrol,Manual,"EMI ₹18,749/m*",₹10.95 lakh
Honda Amaze,Honda,2022,"20,831 km",Petrol,Manual,"EMI ₹8,120/m*",₹4.60 lakh
Tata TIAGO NRG,Tata,2019,"54,032 km",Petrol,Manual,"EMI ₹5,031/m*",₹2.85 lakh
Hyundai Grand i10,Hyundai,2014,"1,05,349 km",Petrol,Manual,"EMI ₹7,115/m*",₹2.14 lakh
KIA SONET,KIA,2021,"24,583 km",Petrol,Manual,"EMI ₹10,507/m*",₹5.95 lakh
Hyundai Verna,Hyundai,2014,"60,889 km",Petrol,Manual,"EMI ₹7,905/m*",₹2.38 lakh
Tata NEXON,Tata,2018,"96,812 km",Petrol,Manual,"EMI ₹7,581/m*",₹4.29 lakh
Maruti Baleno,Maruti,2023,"19,866 km",Petrol,Manual,"EMI ₹11,383/m*",₹6.45 lakh
Renault Kwid,Renault,2022,"16,332 km",Petrol,Manual,"EMI ₹6,090/m*",₹3.45 lakh
Maruti Alto,Maruti,2021,"52,097 km",Petrol,Manual,"EMI ₹4,325/m*",₹2.45 lakh
Maruti Baleno,Maruti,2019,"62,634 km",Petrol,Manual,"EMI ₹7,502/m*",₹4.25 lakh
Maruti IGNIS,Maruti,2020,"79,536 km",Petrol,Auto,"EMI ₹6,443/m*",₹3.65 lakh
Maruti Alto 800,Maruti,2013,"40,587 km",Petrol,Manual,"EMI ₹6,363/m*",₹1.35 lakh
Hyundai Verna,Hyundai,2019,"77,010 km",Petrol,Auto,"EMI ₹10,415/m*",₹5.90 lakh
Hyundai Grand i10,Hyundai,2014,"1,00,120 km",Petrol,Manual,"EMI ₹5,813/m*",₹1.75 lakh
Hyundai Verna,Hyundai,2012,"38,133 km",Petrol,Manual,"EMI ₹20,435/m*",₹2.30 lakh
Renault TRIBER,Renault,2021,"10,808 km",Petrol,Manual,"EMI ₹6,620/m*",₹3.75 lakh
Maruti New Wagon-R,Maruti,2021,"18,008 km",Petrol,Manual,"EMI ₹6,443/m*",₹3.65 lakh
Hyundai Elite i20,Hyundai,2018,"39,913 km",Petrol,Manual,"EMI ₹6,355/m*",₹3.60 lakh
Hyundai AURA,Hyundai,2020,"47,742 km",Petrol,Manual,"EMI ₹6,482/m*",₹3.67 lakh
Hyundai GRAND I10 NIOS,Hyundai,2023,"29,661 km",Petrol,Manual,"EMI ₹7,859/m*",₹4.45 lakh
Hyundai VENUE,Hyundai,2024,"8,305 km",Petrol,Manual,"EMI ₹13,752/m*",₹7.79 lakh
Maruti Celerio,Maruti,2017,"51,831 km",Petrol,Manual,"EMI ₹4,799/m*",₹2.45 lakh
Maruti Celerio,Maruti,2018,"76,332 km",Petrol,Manual,"EMI ₹4,501/m*",₹2.55 lakh
Tata NEXON,Tata,2022,"87,846 km",Petrol,Manual,"EMI ₹10,592/m*",₹6.00 lakh
Maruti Swift Dzire,Maruti,2015,"48,444 km",Petrol,Manual,"EMI ₹6,636/m*",₹2.52 lakh
Tata TIGOR,Tata,2022,"33,245 km",CNG,Manual,"EMI ₹8,915/m*",₹5.05 lakh
Toyota Glanza,Toyota,2023,"4,041 km",Petrol,Manual,"EMI ₹9,356/m*",₹5.30 lakh
Maruti Ertiga,Maruti,2020,"74,793 km",Petrol,Manual,"EMI ₹11,651/m*",₹6.60 lakh
Hyundai i20 Active,Hyundai,2016,"86,660 km",Petrol,Manual,"EMI ₹6,785/m*",₹3.05 lakh
Maruti Swift,Maruti,2013,"74,556 km",Petrol,Manual,"EMI ₹8,709/m*",₹1.85 lakh
Mahindra Thar,Mahindra,2021,"51,580 km",Petrol,Auto,"EMI ₹14,440/m*",₹8.43 lakh
Hyundai Grand i10,Hyundai,2017,"54,380 km",Petrol,Manual,"EMI ₹5,239/m*",₹2.68 lakh
Maruti Alto K10,Maruti,2023,"50,709 km",Petrol,Manual,"EMI ₹5,561/m*",₹3.15 lakh
KIA SELTOS,KIA,2021,"30,275 km",Petrol,Manual,"EMI ₹12,214/m*",₹6.92 lakh
Hyundai GRAND I10 NIOS,Hyundai,2023,"9,123 km",Petrol,Auto,"EMI ₹9,498/m*",₹5.38 lakh
Maruti New Wagon-R,Maruti,2021,"11,098 km",Petrol,Auto,"EMI ₹6,885/m*",₹3.90 lakh
Mahindra XUV500,Mahindra,2020,"43,592 km",Diesel,Manual,"EMI ₹13,769/m*",₹7.80 lakh
Hyundai Eon,Hyundai,2016,"23,594 km",Petrol,Manual,"EMI ₹4,004/m*",₹1.80 lakh
Maruti IGNIS,Maruti,2018,"29,145 km",Petrol,Manual,"EMI ₹5,751/m*",₹3.26 lakh
Maruti Wagon R 1.0,Maruti,2013,"18,175 km",Petrol,Manual,"EMI ₹8,473/m*",₹1.80 lakh
Maruti Ritz,Maruti,2012,"53,465 km",Petrol,Manual,"EMI ₹12,462/m*",₹1.40 lakh
Skoda Octavia,Skoda,2019,"41,724 km",Petrol,Auto,"EMI ₹20,625/m*",₹12.05 lakh
Maruti Baleno,Maruti,2016,"47,594 km",Petrol,Manual,"EMI ₹6,896/m*",₹3.10 lakh
Maruti Swift Dzire,Maruti,2017,"57,076 km",Diesel,Auto,"EMI ₹8,342/m*",₹3.75 lakh
Ford Ecosport,Ford,2016,"60,970 km",Petrol,Manual,"EMI ₹6,795/m*",₹3.05 lakh
Hyundai Eon,Hyundai,2016,"28,280 km",Petrol,Manual,"EMI ₹3,868/m*",₹1.74 lakh
MG HECTOR,MG,2019,"86,762 km",Diesel,Manual,"EMI ₹13,685/m*",₹7.75 lakh
Honda City,Honda,2018,"51,392 km",Petrol,Manual,"EMI ₹8,562/m*",₹4.85 lakh
Tata TIAGO NRG,Tata,2022,"28,771 km",Petrol,Manual,"EMI ₹6,705/m*",₹3.80 lakh
Maruti Swift Dzire,Maruti,2016,"88,858 km",Petrol,Auto,"EMI ₹6,340/m*",₹2.85 lakh
Maruti Grand Vitara,Maruti,2022,"62,308 km",Petrol,Manual,"EMI ₹16,612/m*",₹9.70 lakh
Tata Tiago,Tata,2022,"82,299 km",Petrol,Manual,"EMI ₹6,371/m*",₹3.61 lakh
Maruti Celerio,Maruti,2015,"34,911 km",Petrol,Manual,"EMI ₹6,057/m*",₹2.30 lakh
Maruti Swift,Maruti,2023,"24,785 km",Petrol,Manual,"EMI ₹8,385/m*",₹4.75 lakh
Maruti Swift,Maruti,2022,"43,123 km",Petrol,Manual,"EMI ₹8,911/m*",₹5.05 lakh
Maruti Swift,Maruti,2017,"74,732 km",Petrol,Manual,"EMI ₹5,772/m*",₹2.95 lakh
Hyundai i10,Hyundai,2013,"31,075 km",Petrol,Manual,"EMI ₹7,988/m*",₹1.70 lakh
Maruti Swift,Maruti,2014,"19,872 km",Petrol,Manual,"EMI ₹7,141/m*",₹2.15 lakh
Maruti Swift,Maruti,2016,"95,146 km",Petrol,Manual,"EMI ₹5,123/m*",₹2.30 lakh
Hyundai Verna,Hyundai,2022,"73,143 km",Diesel,Auto,"EMI ₹13,469/m*",₹7.63 lakh
Honda City,Honda,2018,"84,269 km",Diesel,Manual,"EMI ₹10,068/m*",₹5.15 lakh
Hyundai Grand i10,Hyundai,2014,"87,701 km",Petrol,Manual,"EMI ₹6,611/m*",₹1.99 lakh
Maruti Alto 800,Maruti,2017,"28,392 km",Petrol,Manual,"EMI ₹4,106/m*",₹2.10 lakh
Nissan Micra Active,Nissan,2018,"63,439 km",Petrol,Manual,"EMI ₹4,325/m*",₹2.45 lakh
Maruti Celerio,Maruti,2025,197 km,Petrol,Manual,"EMI ₹7,598/m*",₹4.30 lakh
Maruti S PRESSO,Maruti,2019,"42,450 km",Petrol,Auto,"EMI ₹5,472/m*",₹3.10 lakh
Maruti Swift Dzire,Maruti,2016,"1,08,263 km",Petrol,Manual,"EMI ₹5,450/m*",₹2.45 lakh
Datsun Redi Go,Datsun,2021,"10,455 km",Petrol,Manual,"EMI ₹4,325/m*",₹2.45 lakh
Maruti Wagon R 1.0,Maruti,2017,"58,924 km",Petrol,Manual,"EMI ₹5,114/m*",₹2.62 lakh
Maruti Wagon R 1.0,Maruti,2014,"68,771 km",Petrol,Manual,"EMI ₹6,311/m*",₹1.90 lakh
Mahindra XUV300,Mahindra,2023,"22,230 km",Petrol,Manual,"EMI ₹12,357/m*",₹7.00 lakh
Maruti Baleno,Maruti,2021,"91,729 km",Petrol,Manual,"EMI ₹7,764/m*",₹4.40 lakh
Maruti Wagon R 1.0,Maruti,2014,"45,506 km",Petrol,Manual,"EMI ₹7,141/m*",₹2.15 lakh
Tata Tiago,Tata,2018,"1,06,040 km",Petrol,Manual,"EMI ₹6,372/m*",₹2.86 lakh
Hyundai Elite i20,Hyundai,2016,"35,991 km",Petrol,Manual,"EMI ₹7,119/m*",₹3.20 lakh
Hyundai Elite i20,Hyundai,2017,"22,932 km",Petrol,Manual,"EMI ₹7,522/m*",₹3.85 lakh
Tata ALTROZ,Tata,2023,"21,889 km",Petrol,Manual,"EMI ₹8,826/m*",₹5.00 lakh
Maruti Celerio,Maruti,2021,"22,976 km",Petrol,Manual,"EMI ₹6,708/m*",₹3.80 lakh
Maruti Celerio,Maruti,2016,"40,892 km",Petrol,Manual,"EMI ₹5,561/m*",₹2.50 lakh
Tata ALTROZ,Tata,2024,"9,185 km",Petrol,Manual,"EMI ₹10,063/m*",₹5.70 lakh
Maruti Dzire,Maruti,2020,"91,004 km",Petrol,Auto,"EMI ₹7,238/m*",₹4.10 lakh
Tata ALTROZ,Tata,2022,"24,279 km",Petrol,Auto,"EMI ₹10,672/m*",₹6.05 lakh
Hyundai GRAND I10 NIOS,Hyundai,2022,"39,827 km",Petrol,Manual,"EMI ₹7,763/m*",₹4.40 lakh
Hyundai NEW SANTRO,Hyundai,2020,"1,20,427 km",Petrol,Manual,"EMI ₹5,898/m*",₹2.65 lakh
Maruti Alto 800,Maruti,2017,"59,696 km",Petrol,Manual,"EMI ₹4,106/m*",₹2.10 lakh
Hyundai NEW I20,Hyundai,2021,"24,998 km",Petrol,Auto,"EMI ₹10,561/m*",₹5.98 lakh
Honda Amaze,Honda,2021,"43,421 km",Petrol,Manual,"EMI ₹8,479/m*",₹4.80 lakh
MG ASTOR,MG,2022,"17,466 km",Petrol,Auto,"EMI ₹18,835/m*",₹11.00 lakh
Tata NEXON,Tata,2022,"60,326 km",Petrol,Manual,"EMI ₹9,179/m*",₹5.20 lakh
Hyundai i20 Active,Hyundai,2018,"43,067 km",Petrol,Manual,"EMI ₹8,964/m*",₹5.08 lakh
Hyundai Creta,Hyundai,2016,"67,835 km",Petrol,Manual,"EMI ₹9,788/m*",₹4.40 lakh
Hyundai NEW I20,Hyundai,2023,"23,073 km",Petrol,Manual,"EMI ₹11,742/m*",₹6.65 lakh
Skoda Superb,Skoda,2016,"28,278 km",Petrol,Auto,"EMI ₹16,238/m*",₹7.30 lakh
Tata PUNCH,Tata,2022,"55,147 km",Petrol,Auto,"EMI ₹10,772/m*",₹6.10 lakh
Maruti Swift Dzire,Maruti,2016,"17,567 km",Petrol,Manual,"EMI ₹6,228/m*",₹2.80 lakh
Maruti Swift,Maruti,2022,"15,803 km",Petrol,Manual,"EMI ₹8,473/m*",₹4.80 lakh
Maruti Vitara Brezza,Maruti,2018,"54,822 km",Diesel,Manual,"EMI ₹9,971/m*",₹5.10 lakh
Renault TRIBER,Renault,2022,"18,634 km",Petrol,Manual,"EMI ₹8,826/m*",₹5.00 lakh
MG HECTOR,MG,2019,"60,175 km",Petrol,Auto,"EMI ₹13,943/m*",₹8.14 lakh
Hyundai VENUE,Hyundai,2022,"52,748 km",Diesel,Manual,"EMI ₹11,474/m*",₹6.50 lakh
Mahindra BOLERO NEO,Mahindra,2022,"1,14,913 km",Diesel,Manual,"EMI ₹14,236/m*",₹6.40 lakh
Honda Jazz,Honda,2016,"94,307 km",Petrol,Auto,"EMI ₹6,562/m*",₹2.95 lakh
KIA SELTOS,KIA,2022,"32,615 km",Petrol,Manual,"EMI ₹15,581/m*",₹9.10 lakh
KIA SELTOS,KIA,2019,"38,260 km",Petrol,Auto,"EMI ₹13,808/m*",₹8.06 lakh
Maruti Swift,Maruti,2016,"67,639 km",Petrol,Manual,"EMI ₹5,784/m*",₹2.60 lakh
Hyundai NEW SANTRO,Hyundai,2019,"16,359 km",Petrol,Auto,"EMI ₹6,031/m*",₹3.42 lakh
Skoda KUSHAQ,Skoda,2022,"50,926 km",Petrol,Auto,"EMI ₹17,294/m*",₹10.10 lakh
Tata NEXON,Tata,2024,"7,773 km",Petrol,Auto,"EMI ₹19,859/m*",₹11.60 lakh
Tata Tiago,Tata,2021,"35,941 km",Petrol,Manual,"EMI ₹7,149/m*",₹4.05 lakh
Maruti Baleno,Maruti,2019,"73,830 km",Petrol,Manual,"EMI ₹7,238/m*",₹4.10 lakh
Mahindra BOLERO NEO,Mahindra,2022,"60,038 km",Diesel,Manual,"EMI ₹12,763/m*",₹7.23 lakh
Hyundai Grand i10,Hyundai,2019,"1,05,601 km",Petrol,Manual,"EMI ₹7,452/m*",₹3.35 lakh
Renault Kwid,Renault,2017,"76,720 km",Petrol,Auto,"EMI ₹4,301/m*",₹2.20 lakh
Hyundai Creta,Hyundai,2018,"98,265 km",Petrol,Manual,"EMI ₹9,801/m*",₹5.55 lakh
Maruti Vitara Brezza,Maruti,2020,"75,835 km",Petrol,Auto,"EMI ₹10,768/m*",₹6.10 lakh
Hyundai Grand i10,Hyundai,2017,"77,839 km",Petrol,Auto,"EMI ₹6,256/m*",₹3.20 lakh
Honda WR-V,Honda,2018,"31,559 km",Petrol,Manual,"EMI ₹8,004/m*",₹4.53 lakh
Renault Kwid,Renault,2022,"25,914 km",Petrol,Manual,"EMI ₹6,005/m*",₹3.40 lakh
Hyundai NEW SANTRO,Hyundai,2020,"1,13,846 km",Petrol,Manual,"EMI ₹6,230/m*",₹2.80 lakh
Hyundai GRAND I10 NIOS,Hyundai,2022,"56,783 km",Petrol,Manual,"EMI ₹8,406/m*",₹4.76 lakh
Honda WR-V,Honda,2018,"43,123 km",Petrol,Manual,"EMI ₹7,944/m*",₹4.50 lakh
Hyundai NEW I20,Hyundai,2023,"35,729 km",Petrol,Auto,"EMI ₹12,533/m*",₹7.10 lakh
MG HECTOR PLUS,MG,2020,"52,035 km",Petrol,Manual,"EMI ₹18,663/m*",₹10.90 lakh
Hyundai Grand i10,Hyundai,2016,"67,042 km",Petrol,Manual,"EMI ₹5,895/m*",₹2.65 lakh
Honda City,Honda,2023,"50,961 km",Petrol,Auto,"EMI ₹16,609/m*",₹9.70 lakh
Maruti Grand Vitara,Maruti,2022,"58,453 km",Petrol,Auto,"EMI ₹19,948/m*",₹11.65 lakh
Nissan MAGNITE,Nissan,2021,"1,03,033 km",Petrol,Auto,"EMI ₹12,457/m*",₹5.60 lakh
Honda City,Honda,2022,"43,284 km",Petrol,Auto,"EMI ₹15,050/m*",₹8.79 lakh
Tata ALTROZ,Tata,2024,"12,097 km",Petrol,Auto,"EMI ₹14,468/m*",₹8.45 lakh
Mahindra XUV300,Mahindra,2021,"5,206 km",Petrol,Manual,"EMI ₹13,647/m*",₹7.73 lakh
Mahindra XUV300,Mahindra,2022,"91,756 km",Diesel,Auto,"EMI ₹14,383/m*",₹8.40 lakh
Datsun Redi Go,Datsun,2019,"20,380 km",Petrol,Manual,"EMI ₹3,267/m*",₹1.85 lakh
MG ASTOR,MG,2021,"51,103 km",Petrol,Manual,"EMI ₹14,230/m*",₹8.31 lakh
KIA CARENS,KIA,2023,"5,561 km",Petrol,Manual,"EMI ₹16,938/m*",₹9.89 lakh
Hyundai NEW SANTRO,Hyundai,2022,"24,144 km",Petrol,Manual,"EMI ₹6,620/m*",₹3.75 lakh
Renault Kwid,Renault,2016,"45,598 km",Petrol,Manual,"EMI ₹4,493/m*",₹2.02 lakh
Tata PUNCH,Tata,2022,"5,550 km",Petrol,Manual,"EMI ₹10,412/m*",₹5.90 lakh
Maruti Alto K10,Maruti,2023,"2,502 km",Petrol,Manual,"EMI ₹6,441/m*",₹3.65 lakh
Hyundai Creta,Hyundai,2017,"60,103 km",Petrol,Manual,"EMI ₹10,726/m*",₹5.49 lakh
Maruti Alto 800,Maruti,2017,"6,055 km",Petrol,Manual,"EMI ₹4,770/m*",₹2.44 lakh
Maruti Swift Dzire,Maruti,2013,"1,64,203 km",Petrol,Manual,"EMI ₹9,838/m*",₹2.09 lakh
Maruti Swift Dzire,Maruti,2012,"47,245 km",Petrol,Manual,"EMI ₹24,078/m*",₹2.71 lakh
Honda Amaze,Honda,2018,"62,880 km",Petrol,Manual,"EMI ₹6,073/m*",₹3.44 lakh
Hyundai i10,Hyundai,2013,"35,719 km",Petrol,Manual,"EMI ₹7,296/m*",₹1.55 lakh
Tata NEXON,Tata,2019,"45,605 km",Petrol,Manual,"EMI ₹7,944/m*",₹4.50 lakh
Renault Kwid,Renault,2020,"8,716 km",Petrol,Manual,"EMI ₹6,443/m*",₹3.65 lakh
Hyundai Verna,Hyundai,2017,"67,467 km",Petrol,Auto,"EMI ₹9,169/m*",₹4.69 lakh
Mahindra Scorpio,Mahindra,2021,"1,00,243 km",Diesel,Manual,"EMI ₹25,004/m*",₹11.50 lakh
Ford Ecosport,Ford,2014,"50,000 km",Diesel,Manual,"EMI ₹5,649/m*",₹1.20 lakh
Honda Jazz,Honda,2017,"67,235 km",Petrol,Manual,"EMI ₹6,041/m*",₹3.09 lakh
Honda Jazz,Honda,2017,"48,469 km",Petrol,Manual,"EMI ₹6,608/m*",₹3.38 lakh
Honda Civic,Honda,2019,"25,311 km",Petrol,Auto,"EMI ₹22,019/m*",₹12.86 lakh
Mahindra XUV500,Mahindra,2016,"88,867 km",Diesel,Manual,"EMI ₹9,823/m*",₹3.73 lakh
Honda Amaze,Honda,2019,"37,269 km",Petrol,Manual,"EMI ₹5,631/m*",₹3.19 lakh
Hyundai Grand i10,Hyundai,2018,"35,828 km",Petrol,Manual,"EMI ₹5,967/m*",₹3.38 lakh
Nissan MAGNITE,Nissan,2021,"18,928 km",Petrol,Manual,"EMI ₹7,043/m*",₹3.99 lakh
Tata Tiago,Tata,2021,"18,935 km",Petrol,Manual,"EMI ₹8,120/m*",₹4.60 lakh
Maruti Wagon R 1.0,Maruti,2013,"41,834 km",Petrol,Manual,"EMI ₹10,215/m*",₹2.17 lakh
Volkswagen Polo,Volkswagen,2014,"71,253 km",Petrol,Manual,"EMI ₹5,480/m*",₹1.65 lakh
Maruti Dzire,Maruti,2021,"46,285 km",Petrol,Manual,"EMI ₹7,114/m*",₹4.03 lakh
Mahindra Kuv100,Mahindra,2016,"75,397 km",Petrol,Manual,"EMI ₹3,559/m*",₹1.60 lakh
Maruti Baleno,Maruti,2021,"55,722 km",Petrol,Manual,"EMI ₹6,178/m*",₹3.50 lakh
Maruti Wagon R 1.0,Maruti,2012,"29,427 km",Petrol,Manual,"EMI ₹16,170/m*",₹1.82 lakh
Maruti Swift Dzire,Maruti,2014,"80,326 km",Petrol,Manual,"EMI ₹7,706/m*",₹2.32 lakh
Mahindra Kuv100,Mahindra,2016,"65,477 km",Diesel,Manual,"EMI ₹4,450/m*",₹1.69 lakh
Maruti Alto K10,Maruti,2012,"53,283 km",Petrol,Manual,"EMI ₹12,172/m*",₹1.37 lakh
Maruti FRONX,Maruti,2023,"25,908 km",Petrol,Auto,"EMI ₹16,095/m*",₹9.40 lakh
Hyundai i10,Hyundai,2012,"70,127 km",Petrol,Manual,"EMI ₹12,972/m*",₹1.46 lakh
MG HECTOR PLUS,MG,2023,"27,372 km",Petrol,Auto,"EMI ₹29,296/m*",₹17.11 lakh
Maruti Swift,Maruti,2013,"93,290 km",Petrol,Manual,"EMI ₹10,356/m*",₹2.20 lakh
Honda Amaze,Honda,2014,"86,338 km",Petrol,Manual,"EMI ₹6,676/m*",₹2.01 lakh
Maruti Wagon R 1.0,Maruti,2013,"32,695 km",Petrol,Manual,"EMI ₹8,850/m*",₹1.88 lakh
Honda Jazz,Honda,2016,"57,556 km",Diesel,Manual,"EMI ₹6,057/m*",₹2.30 lakh
Maruti Ritz,Maruti,2014,"26,352 km",Petrol,Manual,"EMI ₹6,444/m*",₹1.94 lakh
Toyota Etios,Toyota,2017,"32,372 km",Petrol,Manual,"EMI ₹6,667/m*",₹3.41 lakh
Honda Brio,Honda,2013,"53,959 km",Petrol,Auto,"EMI ₹7,908/m*",₹1.68 lakh
Volkswagen Polo,Volkswagen,2017,"42,592 km",Petrol,Manual,"EMI ₹7,351/m*",₹3.76 lakh
Renault TRIBER,Renault,2019,"25,199 km",Petrol,Manual,"EMI ₹6,355/m*",₹3.60 lakh
Maruti Alto 800,Maruti,2013,"13,282 km",Petrol,Manual,"EMI ₹7,532/m*",₹1.60 lakh
Maruti BREZZA,Maruti,2023,"11,438 km",Petrol,Auto,"EMI ₹17,979/m*",₹10.50 lakh
Mahindra Thar,Mahindra,2021,"17,286 km",Petrol,Manual,"EMI ₹15,701/m*",₹9.17 lakh
Honda Brio,Honda,2013,"48,219 km",Petrol,Manual,"EMI ₹5,978/m*",₹1.27 lakh
Honda Brio,Honda,2012,"33,857 km",Petrol,Manual,"EMI ₹10,573/m*",₹1.19 lakh
Maruti Ritz,Maruti,2013,1 km,Petrol,Manual,"EMI ₹6,355/m*",₹1.35 lakh
Jeep Compass,Jeep,2021,"10,716 km",Petrol,Auto,"EMI ₹24,502/m*",₹14.31 lakh
Mahindra BOLERO NEO,Mahindra,2024,"23,167 km",Diesel,Manual,"EMI ₹14,554/m*",₹8.50 lakh
Hyundai Grand i10,Hyundai,2015,"38,714 km",Petrol,Manual,"EMI ₹6,136/m*",₹2.33 lakh
Maruti New Wagon-R,Maruti,2022,"73,322 km",Petrol,Manual,"EMI ₹5,472/m*",₹3.10 lakh
Volkswagen Polo,Volkswagen,2013,"28,803 km",Petrol,Manual,"EMI ₹10,921/m*",₹2.32 lakh
Renault Kwid,Renault,2017,"58,449 km",Petrol,Auto,"EMI ₹3,773/m*",₹1.93 lakh
Honda Amaze,Honda,2015,"68,574 km",Petrol,Manual,"EMI ₹5,267/m*",₹2.00 lakh
Maruti Celerio,Maruti,2017,"14,809 km",Petrol,Manual,"EMI ₹4,594/m*",₹2.35 lakh
Hyundai NEW I20,Hyundai,2021,"26,561 km",Petrol,Manual,"EMI ₹8,826/m*",₹5.00 lakh
Hyundai VENUE,Hyundai,2022,"28,405 km",Petrol,Manual,"EMI ₹8,597/m*",₹4.87 lakh
Honda Jazz,Honda,2016,"58,658 km",Petrol,Manual,"EMI ₹4,738/m*",₹2.13 lakh
Tata Tiago,Tata,2017,"36,937 km",Petrol,Manual,"EMI ₹5,220/m*",₹2.67 lakh
KIA CARENS,KIA,2024,"10,901 km",Diesel,Manual,"EMI ₹18,407/m*",₹10.75 lakh
Hyundai Verna,Hyundai,2017,"98,927 km",Diesel,Manual,"EMI ₹11,078/m*",₹4.98 lakh
Maruti Alto K10,Maruti,2012,"1,04,990 km",Petrol,Manual,"EMI ₹11,995/m*",₹1.35 lakh
Maruti Baleno,Maruti,2017,"1,04,113 km",Petrol,Manual,"EMI ₹8,075/m*",₹3.63 lakh
Maruti Zen Estilo,Maruti,2013,"82,580 km",Petrol,Manual,"EMI ₹6,449/m*",₹1.37 lakh
Tata NEXON,Tata,2019,"67,647 km",Petrol,Auto,"EMI ₹9,338/m*",₹5.29 lakh
Chevrolet Cruze,Chevrolet,2011,"62,063 km",Diesel,Manual,"EMI ₹9,338/m*",₹1.24 lakh
Honda Amaze,Honda,2015,"42,691 km",Petrol,Manual,"EMI ₹5,293/m*",₹2.01 lakh
Hyundai Eon,Hyundai,2015,"30,337 km",Petrol,Manual,"EMI ₹4,292/m*",₹1.63 lakh
Tata Tiago,Tata,2017,"39,290 km",Petrol,Manual,"EMI ₹5,181/m*",₹2.65 lakh
Hyundai Grand i10,Hyundai,2015,"40,279 km",Petrol,Manual,"EMI ₹5,267/m*",₹2.00 lakh
Renault Kwid,Renault,2019,"49,524 km",Petrol,Manual,"EMI ₹3,707/m*",₹2.10 lakh
Hyundai i10,Hyundai,2011,"70,075 km",Petrol,Manual,"EMI ₹3,707/m*",₹0.97 lakh
Ford Figo,Ford,2013,"4,445 km",Petrol,Manual,"EMI ₹6,308/m*",₹1.34 lakh
Honda City,Honda,2017,"50,777 km",Petrol,Manual,"EMI ₹6,764/m*",₹3.46 lakh
Maruti Celerio,Maruti,2017,"28,054 km",Petrol,Auto,"EMI ₹5,259/m*",₹2.69 lakh
Maruti Swift,Maruti,2013,"1,22,561 km",Petrol,Manual,"EMI ₹11,203/m*",₹2.38 lakh
Honda Brio,Honda,2015,"23,088 km",Petrol,Manual,"EMI ₹4,345/m*",₹1.65 lakh
Hyundai Verna,Hyundai,2015,"31,235 km",Petrol,Manual,"EMI ₹7,321/m*",₹2.78 lakh
Maruti Celerio,Maruti,2015,"1,21,198 km",Petrol,Manual,"EMI ₹4,740/m*",₹1.80 lakh
Datsun Redi Go,Datsun,2018,"25,408 km",Petrol,Manual,"EMI ₹2,436/m*",₹1.38 lakh
Maruti Celerio,Maruti,2016,"1,19,491 km",Petrol,Manual,"EMI ₹5,583/m*",₹2.51 lakh
Hyundai Elite i20,Hyundai,2017,"65,117 km",Petrol,Manual,"EMI ₹6,510/m*",₹3.33 lakh
Hyundai i10,Hyundai,2011,"56,578 km",Petrol,Manual,"EMI ₹6,510/m*",₹1.01 lakh
Renault Kwid,Renault,2017,"29,828 km",Petrol,Manual,"EMI ₹3,793/m*",₹1.94 lakh
Renault Scala,Renault,2013,"64,178 km",Diesel,Manual,"EMI ₹9,685/m*",₹1.09 lakh
Tata YODHA,Tata,2024,"10,700 km",Diesel,Manual,"EMI ₹11,121/m*",₹6.30 lakh
Maruti Wagon R 1.0,Maruti,2014,"43,802 km",Petrol,Manual,"EMI ₹6,643/m*",₹2.00 lakh
Chevrolet Beat,Chevrolet,2013,"69,876 km",Diesel,Manual,"EMI ₹5,864/m*",₹0.66 lakh
Maruti Wagon R 1.0,Maruti,2015,"61,535 km",Petrol,Manual,"EMI ₹6,636/m*",₹2.52 lakh
Tata TIAGO NRG,Tata,2022,"12,307 km",Petrol,Manual,"EMI ₹8,261/m*",₹4.68 lakh
Volkswagen Ameo,Volkswagen,2017,"1,24,958 km",Diesel,Manual,"EMI ₹5,784/m*",₹2.60 lakh
Toyota Etios,Toyota,2012,"1,15,422 km",Diesel,Manual,"EMI ₹5,784/m*",₹2.32 lakh
Maruti Ciaz,Maruti,2016,"77,591 km",Petrol,Manual,"EMI ₹6,940/m*",₹3.12 lakh
Honda City,Honda,2015,"1,09,444 km",Petrol,Manual,"EMI ₹9,401/m*",₹3.57 lakh
Tata TIGOR,Tata,2018,"1,52,308 km",Diesel,Manual,"EMI ₹6,673/m*",₹3.00 lakh
Hyundai AURA,Hyundai,2021,"41,889 km",Petrol,Manual,"EMI ₹8,526/m*",₹4.83 lakh
Maruti Ertiga,Maruti,2017,"83,087 km",Diesel,Manual,"EMI ₹12,679/m*",₹5.70 lakh
Maruti Alto,Maruti,2019,"33,554 km",Petrol,Manual,"EMI ₹4,148/m*",₹2.35 lakh
Hyundai Grand i10,Hyundai,2016,"53,155 km",Petrol,Manual,"EMI ₹6,673/m*",₹3.00 lakh
Hyundai Xcent,Hyundai,2014,"94,990 km",Petrol,Manual,"EMI ₹7,905/m*",₹2.38 lakh
Honda Jazz,Honda,2015,"63,892 km",Petrol,Auto,"EMI ₹5,872/m*",₹2.23 lakh
Hyundai i20 Active,Hyundai,2016,"1,24,000 km",Petrol,Manual,"EMI ₹6,673/m*",₹3.00 lakh
Tata PUNCH,Tata,2022,"14,364 km",Petrol,Manual,"EMI ₹9,886/m*",₹5.60 lakh
Honda Amaze,Honda,2015,"74,796 km",Petrol,Manual,"EMI ₹5,267/m*",₹2.00 lakh
Hyundai Elite i20,Hyundai,2016,"1,30,686 km",Diesel,Manual,"EMI ₹7,953/m*",₹3.02 lakh
Maruti Grand Vitara,Maruti,2023,"24,172 km",Petrol,Manual,"EMI ₹12,639/m*",₹7.16 lakh
Renault Duster,Renault,2014,"1,45,750 km",Diesel,Manual,"EMI ₹9,415/m*",₹2.00 lakh
Hyundai NEW SANTRO,Hyundai,2018,"47,102 km",Petrol,Manual,"EMI ₹4,201/m*",₹2.38 lakh
Maruti Celerio,Maruti,2017,"45,172 km",Petrol,Manual,"EMI ₹5,561/m*",₹2.50 lakh
Honda City,Honda,2017,"30,191 km",Petrol,Auto,"EMI ₹9,169/m*",₹4.69 lakh
Maruti Wagon R 1.0,Maruti,2018,"46,241 km",Petrol,Auto,"EMI ₹5,119/m*",₹2.90 lakh
Honda City,Honda,2011,"58,827 km",Petrol,Manual,"EMI ₹5,119/m*",₹1.63 lakh
Mahindra XUV500,Mahindra,2016,"86,574 km",Diesel,Manual,"EMI ₹10,955/m*",₹4.16 lakh
Hyundai i20,Hyundai,2014,"39,334 km",Petrol,Manual,"EMI ₹6,178/m*",₹1.86 lakh
Renault Kwid,Renault,2021,"23,603 km",Petrol,Manual,"EMI ₹5,472/m*",₹3.10 lakh
Volkswagen Polo,Volkswagen,2011,"41,952 km",Petrol,Manual,"EMI ₹5,472/m*",₹1.38 lakh
Honda Amaze,Honda,2013,"96,371 km",Petrol,Manual,"EMI ₹7,532/m*",₹1.60 lakh
Honda Amaze,Honda,2016,"77,227 km",Petrol,Auto,"EMI ₹4,560/m*",₹2.05 lakh
Toyota Etios,Toyota,2014,"97,101 km",Petrol,Manual,"EMI ₹7,872/m*",₹2.37 lakh
Maruti Zen Estilo,Maruti,2010,"39,011 km",Petrol,Manual,"EMI ₹7,872/m*",₹0.65 lakh
Maruti Swift,Maruti,2019,"49,786 km",Petrol,Manual,"EMI ₹6,037/m*",₹3.42 lakh
Hyundai NEW I20 N LINE,Hyundai,2021,"8,042 km",Petrol,Manual,"EMI ₹11,474/m*",₹6.50 lakh
Maruti Ciaz,Maruti,2017,"42,130 km",Petrol,Manual,"EMI ₹6,197/m*",₹3.17 lakh
Renault Duster,Renault,2012,"84,995 km",Diesel,Manual,"EMI ₹6,197/m*",₹1.45 lakh
Maruti Wagon R 1.0,Maruti,2011,"43,572 km",Petrol,Manual,"EMI ₹6,197/m*",₹1.33 lakh
Toyota Corolla Altis,Toyota,2015,"96,159 km",Petrol,Auto,"EMI ₹10,033/m*",₹3.81 lakh
Ford Figo,Ford,2014,"1,05,157 km",Diesel,Manual,"EMI ₹5,555/m*",₹1.18 lakh
Maruti Zen Estilo,Maruti,2011,"44,386 km",Petrol,Manual,"EMI ₹5,555/m*",₹0.65 lakh
Mahindra Kuv100,Mahindra,2016,"59,195 km",Diesel,Manual,"EMI ₹6,531/m*",₹2.48 lakh
Hyundai i10,Hyundai,2015,"1,88,636 km",Petrol,Manual,"EMI ₹5,154/m*",₹1.96 lakh
Hyundai Grand i10,Hyundai,2019,"58,459 km",Petrol,Manual,"EMI ₹5,472/m*",₹3.10 lakh
Maruti Baleno,Maruti,2017,"64,688 km",Petrol,Manual,"EMI ₹6,843/m*",₹3.50 lakh
Honda BR-V,Honda,2016,"94,234 km",Diesel,Manual,"EMI ₹10,481/m*",₹3.98 lakh
Volkswagen Polo,Volkswagen,2011,"1,20,090 km",Petrol,Manual,"EMI ₹10,481/m*",₹1.32 lakh
Hyundai Creta,Hyundai,2018,"64,658 km",Diesel,Auto,"EMI ₹10,244/m*",₹5.24 lakh
Maruti Wagon R 1.0,Maruti,2017,"36,391 km",Petrol,Manual,"EMI ₹5,474/m*",₹2.80 lakh
Volkswagen TAIGUN,Volkswagen,2022,"79,375 km",Petrol,Manual,"EMI ₹12,357/m*",₹7.00 lakh
Hyundai Eon,Hyundai,2012,"17,935 km",Petrol,Manual,"EMI ₹14,660/m*",₹1.65 lakh
Maruti Wagon R 1.0,Maruti,2011,"26,643 km",Petrol,Manual,"EMI ₹14,660/m*",₹1.12 lakh
Ford Figo,Ford,2011,"1,51,809 km",Diesel,Manual,"EMI ₹14,660/m*",₹0.68 lakh
MG ASTOR,MG,2022,"16,273 km",Petrol,Manual,"EMI ₹13,769/m*",₹7.80 lakh
Hyundai i20,Hyundai,2011,"84,867 km",Petrol,Manual,"EMI ₹13,769/m*",₹1.20 lakh
Hyundai Xcent,Hyundai,2017,"45,706 km",Diesel,Manual,"EMI ₹6,251/m*",₹2.81 lakh
Toyota Innova,Toyota,2011,"1,39,084 km",Diesel,Manual,"EMI ₹6,251/m*",₹2.38 lakh
Tata NEXON,Tata,2023,"25,460 km",Petrol,Manual,"EMI ₹14,105/m*",₹7.99 lakh
Maruti Alto,Maruti,2011,"29,029 km",Petrol,Manual,"EMI ₹14,105/m*",₹1.04 lakh
Maruti Wagon R 1.0,Maruti,2011,"43,827 km",Petrol,Manual,"EMI ₹14,105/m*",₹1.15 lakh
Datsun Go,Datsun,2018,"35,146 km",Petrol,Manual,"EMI ₹2,207/m*",₹1.25 lakh
Mahindra XUV700,Mahindra,2022,"1,08,075 km",Diesel,Auto,"EMI ₹27,417/m*",₹12.61 lakh
Hyundai Creta,Hyundai,2018,"39,725 km",Petrol,Manual,"EMI ₹8,791/m*",₹4.98 lakh
Toyota Etios,Toyota,2011,"59,053 km",Petrol,Manual,"EMI ₹8,791/m*",₹1.50 lakh
Tata NEXON,Tata,2021,"33,448 km",Diesel,Manual,"EMI ₹16,181/m*",₹9.45 lakh
Hyundai Grand i10,Hyundai,2017,"41,365 km",Petrol,Manual,"EMI ₹5,572/m*",₹2.85 lakh
Ford Figo Aspire,Ford,2015,"1,30,177 km",Diesel,Manual,"EMI ₹7,340/m*",₹2.21 lakh
Maruti Baleno,Maruti,2018,"1,04,079 km",Diesel,Manual,"EMI ₹9,832/m*",₹4.42 lakh
Skoda SLAVIA,Skoda,2023,"29,267 km",Petrol,Auto,"EMI ₹17,979/m*",₹10.50 lakh
Maruti Celerio,Maruti,2017,"75,624 km",Petrol,Manual,"EMI ₹4,985/m*",₹2.55 lakh
Volkswagen Vento,Volkswagen,2010,"1,08,401 km",Petrol,Manual,"EMI ₹4,985/m*",₹1.28 lakh
Maruti S Cross,Maruti,2017,"48,167 km",Diesel,Manual,"EMI ₹10,143/m*",₹4.56 lakh
Honda City,Honda,2020,"53,147 km",Petrol,Auto,"EMI ₹13,240/m*",₹7.50 lakh
Mahindra Verito Vibe CS,Mahindra,2014,"42,144 km",Diesel,Manual,"EMI ₹6,308/m*",₹1.34 lakh
Tata Bolt,Tata,2016,"31,531 km",Petrol,Manual,"EMI ₹4,093/m*",₹1.84 lakh
Hyundai Elite i20,Hyundai,2015,"63,167 km",Petrol,Manual,"EMI ₹8,084/m*",₹3.07 lakh
Hyundai Santro Xing,Hyundai,2011,"46,504 km",Petrol,Manual,"EMI ₹8,084/m*",₹0.97 lakh
BMW 5 Series,BMW,2017,"86,927 km",Diesel,Auto,"EMI ₹33,952/m*",₹15.62 lakh
Maruti Baleno,Maruti,2017,"46,818 km",Petrol,Manual,"EMI ₹7,273/m*",₹3.72 lakh
Hyundai Grand i10,Hyundai,2015,"1,04,568 km",Petrol,Manual,"EMI ₹5,267/m*",₹2.00 lakh
Mahindra KUV 100 NXT,Mahindra,2020,"75,583 km",Petrol,Manual,"EMI ₹4,766/m*",₹2.70 lakh
Hyundai Elite i20,Hyundai,2016,"60,207 km",Petrol,Manual,"EMI ₹7,118/m*",₹3.20 lakh
Maruti Zen Estilo,Maruti,2011,"57,486 km",Petrol,Manual,"EMI ₹7,118/m*",₹0.91 lakh
Honda City,Honda,2013,"73,469 km",Petrol,Manual,"EMI ₹9,415/m*",₹2.00 lakh
Hyundai Grand i10,Hyundai,2017,"61,563 km",Petrol,Manual,"EMI ₹6,197/m*",₹3.17 lakh
Toyota Corolla Altis,Toyota,2011,"2,81,429 km",Diesel,Manual,"EMI ₹6,197/m*",₹1.04 lakh
Hyundai Grand i10,Hyundai,2018,"42,160 km",Petrol,Manual,"EMI ₹5,384/m*",₹3.05 lakh
Hyundai i20,Hyundai,2011,"54,989 km",Petrol,Manual,"EMI ₹5,384/m*",₹1.33 lakh
Tata NEXON,Tata,2022,"20,473 km",Petrol,Manual,"EMI ₹10,680/m*",₹6.05 lakh
Tata NEXON,Tata,2024,"7,679 km",Petrol,Manual,"EMI ₹19,605/m*",₹11.45 lakh
Hyundai VENUE,Hyundai,2019,"50,773 km",Petrol,Manual,"EMI ₹9,003/m*",₹5.10 lakh
Toyota Etios,Toyota,2011,"81,562 km",Petrol,Manual,"EMI ₹9,003/m*",₹1.45 lakh
Hyundai Grand i10,Hyundai,2016,"64,228 km",Petrol,Manual,"EMI ₹6,673/m*",₹3.00 lakh
Honda City,Honda,2015,"96,899 km",Petrol,Manual,"EMI ₹8,532/m*",₹3.24 lakh
Mahindra TUV300,Mahindra,2016,"20,934 km",Diesel,Manual,"EMI ₹12,087/m*",₹4.59 lakh
Hyundai Grand i10,Hyundai,2017,"12,717 km",Petrol,Manual,"EMI ₹6,295/m*",₹3.22 lakh
Toyota Corolla Altis,Toyota,2011,"81,811 km",Petrol,Manual,"EMI ₹6,295/m*",₹1.93 lakh
Maruti Vitara Brezza,Maruti,2017,"2,12,543 km",Diesel,Manual,"EMI ₹8,898/m*",₹4.00 lakh
Maruti S Cross,Maruti,2022,"47,039 km",Petrol,Manual,"EMI ₹8,650/m*",₹4.90 lakh
Maruti Dzire,Maruti,2019,"39,800 km",Petrol,Manual,"EMI ₹8,985/m*",₹5.09 lakh
Honda Brio,Honda,2015,"56,075 km",Petrol,Manual,"EMI ₹5,714/m*",₹2.17 lakh
Maruti Baleno,Maruti,2023,"4,653 km",Petrol,Auto,"EMI ₹12,180/m*",₹6.90 lakh
CITROEN C5 AIRCROSS,CITROEN,2021,"45,416 km",Diesel,Auto,"EMI ₹29,108/m*",₹17.00 lakh
Hyundai i20,Hyundai,2014,"87,317 km",Diesel,Manual,"EMI ₹10,262/m*",₹2.18 lakh
Hyundai Grand i10,Hyundai,2015,"17,533 km",Petrol,Manual,"EMI ₹8,111/m*",₹3.08 lakh
Maruti Swift,Maruti,2021,"9,984 km",Petrol,Manual,"EMI ₹9,303/m*",₹5.27 lakh
Maruti Vitara Brezza,Maruti,2017,"1,37,082 km",Diesel,Manual,"EMI ₹10,099/m*",₹4.54 lakh
Hyundai NEW SANTRO,Hyundai,2018,"43,663 km",Petrol,Auto,"EMI ₹5,296/m*",₹3.00 lakh
BMW 2 SERIES GRAN COUPE,BMW,2021,"19,109 km",Diesel,Auto,"EMI ₹51,145/m*",₹29.87 lakh
Mahindra XUV500,Mahindra,2015,"1,37,469 km",Diesel,Manual,"EMI ₹16,043/m*",₹4.83 lakh
Hyundai i20 Active,Hyundai,2017,"41,500 km",Petrol,Manual,"EMI ₹9,677/m*",₹4.95 lakh
Hyundai Xcent,Hyundai,2016,"51,453 km",Petrol,Manual,"EMI ₹5,272/m*",₹2.37 lakh
Maruti Baleno,Maruti,2020,"57,204 km",Petrol,Manual,"EMI ₹8,261/m*",₹4.68 lakh
Skoda Rapid,Skoda,2016,"45,053 km",Diesel,Manual,"EMI ₹10,534/m*",₹4.00 lakh
Hyundai Grand i10,Hyundai,2016,"36,074 km",Petrol,Manual,"EMI ₹5,561/m*",₹2.50 lakh
Tata ALTROZ,Tata,2022,"21,931 km",Petrol,Manual,"EMI ₹9,991/m*",₹5.66 lakh
Ford Ecosport,Ford,2015,"76,694 km",Diesel,Manual,"EMI ₹12,489/m*",₹3.76 lakh
Renault Kwid,Renault,2021,"10,995 km",Petrol,Manual,"EMI ₹7,449/m*",₹4.22 lakh
Honda Jazz,Honda,2018,"73,995 km",Petrol,Manual,"EMI ₹5,349/m*",₹3.03 lakh
Hyundai Creta,Hyundai,2017,"93,383 km",Diesel,Manual,"EMI ₹10,344/m*",₹4.65 lakh
Maruti Ciaz,Maruti,2018,"55,617 km",Petrol,Manual,"EMI ₹7,944/m*",₹4.50 lakh
Toyota Glanza,Toyota,2023,"20,281 km",Petrol,Manual,"EMI ₹9,303/m*",₹5.27 lakh
Hyundai Creta,Hyundai,2016,"50,821 km",Petrol,Manual,"EMI ₹10,566/m*",₹4.75 lakh
Nissan MAGNITE,Nissan,2021,"66,013 km",Petrol,Manual,"EMI ₹9,903/m*",₹5.61 lakh
Audi A3,Audi,2015,"79,101 km",Diesel,Auto,"EMI ₹20,925/m*",₹6.30 lakh
Hyundai Creta,Hyundai,2015,"86,732 km",Petrol,Manual,"EMI ₹10,586/m*",₹4.02 lakh
Honda City,Honda,2013,"73,226 km",Petrol,Manual,"EMI ₹11,863/m*",₹2.52 lakh
MG ASTOR,MG,2023,"47,002 km",Petrol,Auto,"EMI ₹17,979/m*",₹10.50 lakh
Maruti Ciaz,Maruti,2016,"66,656 km",Diesel,Manual,"EMI ₹9,480/m*",₹3.60 lakh
Tata NEXON,Tata,2022,"72,401 km",Petrol,Manual,"EMI ₹9,497/m*",₹5.38 lakh
Ford Figo Aspire,Ford,2016,"1,03,132 km",Petrol,Manual,"EMI ₹4,716/m*",₹2.12 lakh
KIA SELTOS,KIA,2021,"1,02,270 km",Diesel,Manual,"EMI ₹14,459/m*",₹6.50 lakh
Maruti Baleno,Maruti,2018,"50,746 km",Petrol,Manual,"EMI ₹7,661/m*",₹4.34 lakh
Maruti Ertiga,Maruti,2017,"1,77,968 km",Diesel,Manual,"EMI ₹14,014/m*",₹6.30 lakh
Honda City,Honda,2021,"27,186 km",Petrol,Manual,"EMI ₹11,009/m*",₹6.24 lakh
Maruti Dzire,Maruti,2019,"30,964 km",Petrol,Manual,"EMI ₹10,766/m*",₹4.84 lakh
Tata Tiago,Tata,2020,"20,854 km",Petrol,Auto,"EMI ₹8,879/m*",₹5.03 lakh
BMW 3 Series,BMW,2020,"10,363 km",Petrol,Auto,"EMI ₹56,504/m*",₹33.00 lakh
Hyundai NEW SANTRO,Hyundai,2018,"22,345 km",Petrol,Manual,"EMI ₹5,614/m*",₹3.18 lakh
Maruti S PRESSO,Maruti,2022,"32,986 km",Petrol,Manual,"EMI ₹5,825/m*",₹3.30 lakh
Ford Ecosport,Ford,2017,"74,881 km",Diesel,Manual,"EMI ₹7,852/m*",₹3.53 lakh
Hyundai GRAND I10 NIOS,Hyundai,2022,"38,396 km",Petrol,Manual,"EMI ₹8,932/m*",₹5.06 lakh
KIA CARENS,KIA,2022,"7,291 km",Petrol,Manual,"EMI ₹14,657/m*",₹8.56 lakh
Hyundai Elite i20,Hyundai,2016,"85,608 km",Diesel,Manual,"EMI ₹8,348/m*",₹3.17 lakh
Hyundai Verna,Hyundai,2024,"4,896 km",Petrol,Manual,"EMI ₹20,889/m*",₹12.20 lakh
Toyota URBAN CRUISER HYRYDER,Toyota,2022,"35,948 km",Hybrid,Auto,"EMI ₹23,543/m*",₹13.75 lakh
Maruti Swift Dzire,Maruti,2010,"50,247 km",Petrol,Manual,"EMI ₹23,543/m*",₹3.42 lakh
Hyundai i20 Active,Hyundai,2016,"42,145 km",Petrol,Manual,"EMI ₹7,207/m*",₹3.24 lakh
Honda Amaze,Honda,2023,"14,172 km",Petrol,Auto,"EMI ₹11,595/m*",₹6.57 lakh
Maruti Ciaz,Maruti,2019,"1,18,417 km",Petrol,Auto,"EMI ₹14,503/m*",₹6.52 lakh
Mercedes Benz C Class,Mercedes,2013,"92,205 km",Diesel,Auto,"EMI ₹50,555/m*",₹5.69 lakh
Tata Hexa,Tata,2018,"2,24,082 km",Diesel,Manual,"EMI ₹13,525/m*",₹6.08 lakh
Ford FREESTYLE,Ford,2019,"97,554 km",Petrol,Manual,"EMI ₹6,320/m*",₹3.58 lakh
Maruti Ertiga,Maruti,2012,"1,04,405 km",Diesel,Manual,"EMI ₹6,320/m*",₹3.07 lakh
Honda City,Honda,2019,"41,362 km",Petrol,Manual,"EMI ₹9,921/m*",₹5.62 lakh
Hyundai NEW SANTRO,Hyundai,2018,"12,561 km",Petrol,Auto,"EMI ₹6,090/m*",₹3.45 lakh
Hyundai Grand i10,Hyundai,2017,"82,139 km",Petrol,Manual,"EMI ₹5,865/m*",₹3.00 lakh
Maruti Baleno,Maruti,2019,"56,185 km",Petrol,Manual,"EMI ₹8,473/m*",₹4.80 lakh
Ford Ecosport,Ford,2021,"3,700 km",Petrol,Manual,"EMI ₹11,598/m*",₹6.57 lakh
Maruti Alto K10,Maruti,2022,"3,778 km",Petrol,Manual,"EMI ₹7,061/m*",₹4.00 lakh
Honda City,Honda,2014,"60,741 km",Petrol,Auto,"EMI ₹11,658/m*",₹3.51 lakh
Skoda KUSHAQ,Skoda,2023,"18,930 km",Petrol,Manual,"EMI ₹20,958/m*",₹12.24 lakh
Hyundai Elite i20,Hyundai,2018,"41,222 km",Petrol,Manual,"EMI ₹8,544/m*",₹4.84 lakh
Mahindra XUV500,Mahindra,2020,"68,106 km",Diesel,Manual,"EMI ₹20,547/m*",₹12.00 lakh
Tata Tigor Buzz,Tata,2018,"39,362 km",Diesel,Manual,"EMI ₹6,843/m*",₹3.50 lakh
Maruti Dzire,Maruti,2018,"69,156 km",Petrol,Auto,"EMI ₹7,326/m*",₹4.15 lakh
Maruti Baleno,Maruti,2023,"4,481 km",Petrol,Auto,"EMI ₹11,563/m*",₹6.55 lakh
Toyota Etios Liva,Toyota,2016,"57,076 km",Petrol,Manual,"EMI ₹5,917/m*",₹2.66 lakh
KIA CARENS,KIA,2022,"52,581 km",Diesel,Manual,"EMI ₹16,095/m*",₹9.40 lakh
Hyundai Grand i10,Hyundai,2015,"32,911 km",Petrol,Manual,"EMI ₹7,900/m*",₹3.00 lakh
Honda Amaze,Honda,2019,"50,811 km",Petrol,Manual,"EMI ₹7,238/m*",₹4.10 lakh
Maruti Baleno,Maruti,2018,"68,412 km",Petrol,Manual,"EMI ₹7,291/m*",₹4.13 lakh
Maruti Ertiga,Maruti,2016,"1,24,983 km",Petrol,Manual,"EMI ₹10,766/m*",₹4.84 lakh
Hyundai EXTER,Hyundai,2025,"11,338 km",Petrol,Manual,"EMI ₹12,039/m*",₹6.82 lakh
Tata PUNCH,Tata,2024,"11,055 km",Petrol,Auto,"EMI ₹14,314/m*",₹8.36 lakh
Jeep Compass,Jeep,2019,"1,06,004 km",Diesel,Manual,"EMI ₹23,917/m*",₹11.00 lakh
Maruti Grand Vitara,Maruti,2023,"13,903 km",Petrol,Manual,"EMI ₹13,698/m*",₹8.00 lakh
Mahindra XUV700,Mahindra,2023,"34,248 km",Diesel,Manual,"EMI ₹30,803/m*",₹17.99 lakh
Hyundai Creta,Hyundai,2017,"49,520 km",Diesel,Manual,"EMI ₹12,234/m*",₹5.50 lakh
Volkswagen Ameo,Volkswagen,2018,"62,771 km",Petrol,Manual,"EMI ₹7,008/m*",₹3.97 lakh
Ford Ecosport,Ford,2013,"75,007 km",Diesel,Manual,"EMI ₹23,190/m*",₹2.61 lakh
Honda Amaze,Honda,2020,"37,535 km",Petrol,Manual,"EMI ₹8,968/m*",₹5.08 lakh
Hyundai Creta,Hyundai,2020,"7,80,000 km",Diesel,Manual,"EMI ₹17,751/m*",₹7.98 lakh
Tata ALTROZ,Tata,2024,"49,077 km",Petrol,Manual,"EMI ₹9,833/m*",₹5.57 lakh
Tata Safari,Tata,2022,"61,435 km",Diesel,Manual,"EMI ₹18,835/m*",₹11.00 lakh
Maruti Alto K10,Maruti,2022,"4,850 km",Petrol,Manual,"EMI ₹5,967/m*",₹3.38 lakh
Mahindra SCORPIO-N,Mahindra,2023,"34,544 km",Diesel,Auto,"EMI ₹32,789/m*",₹19.15 lakh
Mahindra XUV700,Mahindra,2023,"23,245 km",Petrol,Auto,"EMI ₹29,108/m*",₹17.00 lakh
Hyundai GRAND I10 NIOS,Hyundai,2025,"5,776 km",Petrol,Manual,"EMI ₹9,709/m*",₹5.50 lakh
Maruti New Wagon-R,Maruti,2021,"24,638 km",Petrol,Manual,"EMI ₹7,185/m*",₹4.07 lakh
Hyundai VENUE,Hyundai,2021,"42,316 km",Petrol,Manual,"EMI ₹11,298/m*",₹6.40 lakh
Maruti Vitara Brezza,Maruti,2019,"50,732 km",Diesel,Manual,"EMI ₹9,709/m*",₹5.50 lakh
KIA CARENS,KIA,2022,"1,062 km",Petrol,Auto,"EMI ₹19,691/m*",₹11.50 lakh
Honda Jazz,Honda,2018,"95,112 km",Petrol,Auto,"EMI ₹7,679/m*",₹4.35 lakh
Tata ALTROZ,Tata,2023,"18,345 km",Petrol,Manual,"EMI ₹10,768/m*",₹6.10 lakh
Honda City,Honda,2016,"42,964 km",Petrol,Manual,"EMI ₹9,165/m*",₹4.12 lakh
Maruti Ciaz,Maruti,2020,"71,246 km",Petrol,Manual,"EMI ₹7,855/m*",₹4.45 lakh
KIA SONET,KIA,2021,"68,056 km",Diesel,Auto,"EMI ₹13,751/m*",₹7.79 lakh
Toyota Camry,Toyota,2017,"42,258 km",Hybrid,Auto,"EMI ₹22,289/m*",₹11.71 lakh
Honda Jazz,Honda,2018,"30,645 km",Petrol,Manual,"EMI ₹6,161/m*",₹3.49 lakh
Hyundai NEW SANTRO,Hyundai,2019,"34,887 km",Petrol,Manual,"EMI ₹5,667/m*",₹3.21 lakh
MG HECTOR PLUS,MG,2023,"23,202 km",Petrol,Auto,"EMI ₹29,519/m*",₹17.24 lakh
KIA SELTOS,KIA,2022,"97,744 km",Diesel,Manual,"EMI ₹18,287/m*",₹10.68 lakh
Hyundai VENUE,Hyundai,2021,"27,975 km",Petrol,Manual,"EMI ₹12,498/m*",₹7.08 lakh
Hyundai New Elantra,Hyundai,2020,"54,537 km",Petrol,Manual,"EMI ₹12,004/m*",₹6.80 lakh
Hyundai Creta,Hyundai,2019,"36,686 km",Petrol,Auto,"EMI ₹15,239/m*",₹8.90 lakh
Hyundai VENUE,Hyundai,2019,"65,006 km",Petrol,Manual,"EMI ₹9,709/m*",₹5.50 lakh
BMW X5,BMW,2012,"49,648 km",Diesel,Auto,"EMI ₹9,709/m*",₹8.33 lakh
Honda City,Honda,2022,"24,954 km",Petrol,Manual,"EMI ₹13,593/m*",₹7.70 lakh
Hyundai Verna,Hyundai,2020,"75,193 km",Petrol,Manual,"EMI ₹14,034/m*",₹7.95 lakh
Skoda KUSHAQ,Skoda,2023,"17,800 km",Petrol,Auto,"EMI ₹20,547/m*",₹12.00 lakh
Hyundai EXTER,Hyundai,2023,"19,033 km",Petrol,Manual,"EMI ₹11,474/m*",₹6.50 lakh
Nissan Terrano,Nissan,2016,"2,50,000 km",Diesel,Manual,"EMI ₹8,032/m*",₹3.05 lakh
Toyota INNOVA HYCROSS,Toyota,2023,"63,922 km",Hybrid,Auto,"EMI ₹36,556/m*",₹21.35 lakh
Skoda KUSHAQ,Skoda,2023,"6,802 km",Petrol,Manual,"EMI ₹17,687/m*",₹10.33 lakh
Hyundai Verna,Hyundai,2023,"31,193 km",Petrol,Auto,"EMI ₹25,136/m*",₹14.68 lakh
Hyundai EXTER,Hyundai,2023,"23,424 km",Petrol,Manual,"EMI ₹12,357/m*",₹7.00 lakh
KIA SELTOS,KIA,2021,"1,05,009 km",Diesel,Manual,"EMI ₹19,568/m*",₹9.00 lakh
MG ASTOR,MG,2022,"19,037 km",Petrol,Auto,"EMI ₹16,266/m*",₹9.50 lakh
Tata Safari,Tata,2022,"49,351 km",Diesel,Auto,"EMI ₹28,149/m*",₹16.44 lakh
Skoda KUSHAQ,Skoda,2025,"14,747 km",Petrol,Manual,"EMI ₹23,971/m*",₹14.00 lakh
Hyundai Verna,Hyundai,2023,"27,850 km",Petrol,Auto,"EMI ₹20,050/m*",₹11.71 lakh
Hyundai Creta,Hyundai,2020,"99,000 km",Diesel,Auto,"EMI ₹18,835/m*",₹11.00 lakh
Audi Q2,Audi,2020,"49,284 km",Petrol,Auto,"EMI ₹28,252/m*",₹16.50 lakh
Maruti S PRESSO,Maruti,2023,"10,497 km",Petrol,Manual,"EMI ₹7,238/m*",₹4.10 lakh
Maruti Baleno,Maruti,2017,"46,153 km",Petrol,Auto,"EMI ₹8,387/m*",₹4.29 lakh
Maruti S Cross,Maruti,2015,"99,331 km",Diesel,Manual,"EMI ₹10,562/m*",₹3.18 lakh
Jeep Compass,Jeep,2018,"32,783 km",Diesel,Manual,"EMI ₹17,492/m*",₹9.19 lakh
Maruti Ciaz,Maruti,2018,"51,479 km",Petrol,Manual,"EMI ₹7,238/m*",₹4.10 lakh
Hyundai VENUE,Hyundai,2021,"28,754 km",Petrol,Manual,"EMI ₹12,269/m*",₹6.95 lakh
Ford Ecosport,Ford,2020,"11,974 km",Petrol,Auto,"EMI ₹13,784/m*",₹8.05 lakh
Mahindra Thar,Mahindra,2022,"35,402 km",Diesel,Manual,"EMI ₹20,855/m*",₹12.18 lakh
MG HECTOR PLUS,MG,2021,"20,059 km",Petrol,Auto,"EMI ₹23,971/m*",₹14.00 lakh
Tata Safari,Tata,2022,"20,056 km",Diesel,Manual,"EMI ₹21,403/m*",₹12.50 lakh
KIA SONET,KIA,2022,"52,444 km",Diesel,Manual,"EMI ₹13,875/m*",₹7.86 lakh
KIA SONET,KIA,2024,"13,366 km",Petrol,Auto,"EMI ₹18,492/m*",₹10.80 lakh
Maruti BREZZA,Maruti,2023,"19,045 km",Petrol,Manual,"EMI ₹17,122/m*",₹10.00 lakh
Skoda Rapid,Skoda,2020,"7,245 km",Petrol,Auto,"EMI ₹14,742/m*",₹8.61 lakh
Mercedes Benz A Class,Mercedes,2014,"45,101 km",Petrol,Auto,"EMI ₹33,492/m*",₹10.23 lakh
Mahindra MARAZZO,Mahindra,2021,"56,735 km",Diesel,Manual,"EMI ₹13,328/m*",₹7.55 lakh
Skoda Octavia,Skoda,2016,"59,547 km",Petrol,Auto,"EMI ₹14,459/m*",₹6.50 lakh
KIA SELTOS,KIA,2021,"20,765 km",Petrol,Auto,"EMI ₹20,119/m*",₹11.75 lakh
Hyundai NEW I20 N LINE,Hyundai,2023,"11,551 km",Petrol,Auto,"EMI ₹13,808/m*",₹8.06 lakh
Honda City,Honda,2022,"21,860 km",Petrol,Manual,"EMI ₹14,554/m*",₹8.50 lakh
KIA SONET,KIA,2023,"7,342 km",Petrol,Manual,"EMI ₹16,266/m*",₹9.50 lakh
Jaguar XJ L,Jaguar,2011,"82,994 km",Petrol,Auto,"EMI ₹16,266/m*",₹19.21 lakh
Honda City,Honda,2016,"34,167 km",Petrol,Manual,"EMI ₹10,744/m*",₹4.83 lakh
KIA SELTOS,KIA,2021,"42,882 km",Petrol,Auto,"EMI ₹17,979/m*",₹10.50 lakh
Maruti Swift,Maruti,2023,"34,916 km",Petrol,Manual,"EMI ₹11,474/m*",₹6.50 lakh
Toyota Fortuner,Toyota,2017,"34,751 km",Diesel,Manual,"EMI ₹47,638/m*",₹21.91 lakh
MG HECTOR PLUS,MG,2021,"14,861 km",Petrol,Auto,"EMI ₹21,403/m*",₹12.50 lakh
Mahindra XUV700,Mahindra,2024,"7,595 km",Diesel,Auto,"EMI ₹36,813/m*",₹21.50 lakh
MG HECTOR,MG,2021,"29,505 km",Petrol,Auto,"EMI ₹21,831/m*",₹12.75 lakh
BMW 3 SERIES GRAN LIMOUSINE,BMW,2021,"12,536 km",Petrol,Auto,"EMI ₹69,346/m*",₹40.50 lakh
Hyundai VENUE N LINE,Hyundai,2024,"15,184 km",Petrol,Manual,"EMI ₹17,122/m*",₹10.00 lakh
Maruti Vitara Brezza,Maruti,2018,"78,157 km",Diesel,Auto,"EMI ₹10,753/m*",₹5.50 lakh
KIA SELTOS,KIA,2021,"30,995 km",Petrol,Auto,"EMI ₹18,595/m*",₹10.86 lakh
Hyundai Creta,Hyundai,2022,"47,834 km",Diesel,Manual,"EMI ₹18,407/m*",₹10.75 lakh
Landrover DISCOVERY SPORT,Landrover,2017,"1,32,515 km",Diesel,Auto,"EMI ₹37,267/m*",₹17.14 lakh
KIA SELTOS,KIA,2022,"47,210 km",Petrol,Manual,"EMI ₹15,410/m*",₹9.00 lakh
Renault Kwid,Renault,2022,"6,812 km",Petrol,Manual,"EMI ₹6,549/m*",₹3.71 lakh
Landrover Freelander,Landrover,2016,"1,70,529 km",Diesel,Auto,"EMI ₹48,874/m*",₹18.91 lakh
Toyota URBAN CRUISER HYRYDER,Toyota,2024,"8,847 km",Petrol,Auto,"EMI ₹29,262/m*",₹17.09 lakh
Hyundai Verna,Hyundai,2023,"35,927 km",Petrol,Manual,"EMI ₹21,677/m*",₹12.66 lakh
MG HECTOR,MG,2022,"1,07,185 km",Petrol,Auto,"EMI ₹26,678/m*",₹12.27 lakh
Toyota Innova,Toyota,2014,"2,82,439 km",Diesel,Manual,"EMI ₹26,926/m*",₹5.72 lakh
Honda City,Honda,2020,"50,864 km",Petrol,Manual,"EMI ₹17,722/m*",₹10.35 lakh
Mahindra XUV700,Mahindra,2025,"8,470 km",Petrol,Auto,"EMI ₹34,296/m*",₹20.03 lakh
Tata TIAGO EV,Tata,2023,"33,950 km",Electric,Auto,"EMI ₹15,256/m*",₹8.91 lakh
KIA SONET,KIA,2022,"25,083 km",Petrol,Manual,"EMI ₹15,188/m*",₹8.87 lakh
Jeep Compass,Jeep,2023,"31,867 km",Diesel,Auto,"EMI ₹40,238/m*",₹23.50 lakh
MG HECTOR PLUS,MG,2025,"11,428 km",Petrol,Auto,"EMI ₹25,958/m*",₹15.16 lakh
MG HECTOR,MG,2021,"24,500 km",Petrol,Auto,"EMI ₹21,403/m*",₹12.50 lakh
Toyota Innova Crysta,Toyota,2024,"24,095 km",Diesel,Manual,"EMI ₹38,183/m*",₹22.30 lakh
BMW X5,BMW,2015,"1,05,626 km",Diesel,Auto,"EMI ₹47,471/m*",₹14.50 lakh
Hyundai Tucson,Hyundai,2023,"17,934 km",Petrol,Auto,"EMI ₹43,337/m*",₹25.31 lakh
Honda City,Honda,2021,"25,314 km",Petrol,Manual,"EMI ₹13,903/m*",₹8.12 lakh
Hyundai ALCAZAR,Hyundai,2021,"92,643 km",Diesel,Manual,"EMI ₹23,184/m*",₹13.54 lakh
Tata TIAGO EV,Tata,2023,"32,489 km",Electric,Auto,"EMI ₹12,357/m*",₹7.00 lakh
Tata NEXON EV,Tata,2021,"79,343 km",Electric,Auto,"EMI ₹19,794/m*",₹11.56 lakh
Honda City,Honda,2021,"43,960 km",Petrol,Auto,"EMI ₹14,554/m*",₹8.50 lakh
Jeep MERIDIAN,Jeep,2022,"67,855 km",Diesel,Auto,"EMI ₹43,508/m*",₹25.41 lakh
Hyundai ALCAZAR,Hyundai,2025,"6,875 km",Petrol,Manual,"EMI ₹31,471/m*",₹18.38 lakh
MG ZS EV,MG,2023,"35,450 km",Electric,Auto,"EMI ₹25,684/m*",₹15.00 lakh
KIA CARNIVAL,KIA,2020,"98,257 km",Diesel,Auto,"EMI ₹35,341/m*",₹20.64 lakh
MG HECTOR PLUS,MG,2025,"14,646 km",Petrol,Auto,"EMI ₹33,235/m*",₹19.41 lakh
Honda Amaze,Honda,2018,"55,014 km",Petrol,Auto,"EMI ₹6,549/m*",₹3.71 lakh
Volvo XC 90,Volvo,2017,"84,053 km",Diesel,Auto,"EMI ₹54,204/m*",₹24.93 lakh
KIA CARENS,KIA,2023,"7,889 km",Petrol,Manual,"EMI ₹21,317/m*",₹12.45 lakh
BMW 2 SERIES GRAN COUPE,BMW,2023,"6,172 km",Petrol,Auto,"EMI ₹51,881/m*",₹30.30 lakh
Hyundai Elite i20,Hyundai,2016,"25,728 km",Petrol,Manual,"EMI ₹6,562/m*",₹2.95 lakh
Maruti Baleno,Maruti,2017,"78,651 km",Petrol,Manual,"EMI ₹6,725/m*",₹3.44 lakh
Hyundai i20 Active,Hyundai,2016,"23,773 km",Petrol,Manual,"EMI ₹11,434/m*",₹5.14 lakh
Maruti Baleno,Maruti,2020,"5,655 km",Petrol,Manual,"EMI ₹8,526/m*",₹4.83 lakh
Renault Kwid,Renault,2018,"47,085 km",Petrol,Manual,"EMI ₹2,754/m*",₹1.56 lakh
Maruti Dzire,Maruti,2018,"52,210 km",Petrol,Manual,"EMI ₹5,734/m*",₹3.25 lakh
Maruti Swift,Maruti,2018,"45,094 km",Petrol,Manual,"EMI ₹5,650/m*",₹3.20 lakh
Maruti Baleno,Maruti,2017,"66,316 km",Petrol,Manual,"EMI ₹7,228/m*",₹3.70 lakh
Maruti Swift,Maruti,2021,"73,464 km",Petrol,Auto,"EMI ₹7,414/m*",₹4.20 lakh
KIA SONET,KIA,2021,"34,904 km",Petrol,Manual,"EMI ₹8,473/m*",₹4.80 lakh
Maruti Swift,Maruti,2019,"60,014 km",Petrol,Auto,"EMI ₹6,708/m*",₹3.80 lakh
Honda Amaze,Honda,2018,"33,222 km",Petrol,Manual,"EMI ₹6,531/m*",₹3.70 lakh
Honda Amaze,Honda,2016,"91,111 km",Petrol,Manual,"EMI ₹5,005/m*",₹2.25 lakh
Hyundai Creta,Hyundai,2018,"28,510 km",Petrol,Manual,"EMI ₹10,062/m*",₹5.70 lakh
KIA SELTOS,KIA,2020,"74,186 km",Diesel,Manual,"EMI ₹11,651/m*",₹6.60 lakh
KIA SELTOS,KIA,2020,"28,909 km",Petrol,Manual,"EMI ₹11,065/m*",₹6.27 lakh
Hyundai NEW SANTRO,Hyundai,2020,"13,277 km",Petrol,Manual,"EMI ₹5,024/m*",₹2.85 lakh
Maruti Celerio,Maruti,2019,"7,836 km",Petrol,Manual,"EMI ₹5,649/m*",₹3.20 lakh
Maruti Swift,Maruti,2019,"20,580 km",Petrol,Manual,"EMI ₹7,066/m*",₹4.00 lakh
Hyundai i10,Hyundai,2013,"48,585 km",Petrol,Manual,"EMI ₹7,076/m*",₹1.50 lakh
Maruti Eeco,Maruti,2023,"1,621 km",Petrol,Manual,"EMI ₹7,586/m*",₹4.30 lakh
Jeep Compass,Jeep,2018,"39,388 km",Diesel,Manual,"EMI ₹13,001/m*",₹6.65 lakh
Hyundai GRAND I10 NIOS,Hyundai,2023,"15,028 km",Petrol,Auto,"EMI ₹9,709/m*",₹5.50 lakh
Mahindra KUV 100 NXT,Mahindra,2017,"38,530 km",Petrol,Manual,"EMI ₹3,910/m*",₹2.00 lakh
Mahindra TUV300,Mahindra,2016,"81,481 km",Diesel,Manual,"EMI ₹9,743/m*",₹3.70 lakh
Hyundai i10,Hyundai,2013,"21,011 km",Petrol,Manual,"EMI ₹8,285/m*",₹1.76 lakh
KIA SELTOS,KIA,2022,"13,589 km",Petrol,Manual,"EMI ₹15,844/m*",₹9.25 lakh
Maruti Baleno,Maruti,2020,"33,897 km",Petrol,Manual,"EMI ₹8,826/m*",₹5.00 lakh
