Car Name,Company,Year of Manufacture,Distance Driven,Fuel Type,Gear Type,EMI,Price,Car Age,City
Maruti Wagon R 1.0,Maruti,2015,11959,Petrol,Manual,6077,231000.0,11,Kolkata
Hyundai Xcent,Hyundai,2017,30577,Petrol,Manual,6256,320000.0,9,Kolkata
Tata NEXON,Tata,2019,31721,Petrol,Manual,7591,430000.0,7,Kolkata
Maruti Ciaz,Maruti,2018,49622,Petrol,Manual,7061,400000.0,8,Kolkata
Tata ALTROZ,Tata,2022,38959,Petrol,Manual,10062,570000.0,4,Kolkata
Volkswagen Ameo,Volkswagen,2017,68886,Petrol,Manual,5572,285000.0,9,Kolkata
Maruti Ciaz,Maruti,2021,78666,Petrol,Manual,9003,509999.99999999994,5,Kolkata
Jeep Compass,Jeep,2018,67384,Petrol,Auto,12883,730000.0,8,Kolkata
Tata NEXON,Tata,2018,55388,Petrol,Auto,8478,480000.0,8,Kolkata
Maruti Baleno,Maruti,2021,22169,Petrol,Auto,9095,515000.00000000006,5,Kolkata
Honda WR-V,Honda,2018,39230,Petrol,Manual,5705,323000.0,8,Kolkata
Honda Amaze,Honda,2018,100226,Diesel,Manual,10010,450000.0,8,Kolkata
Honda Jazz,Honda,2016,38572,Petrol,Manual,5672,254999.99999999997,10,Kolkata
Skoda Octavia,Skoda,2018,51352,Petrol,Auto,18321,1070000.0,8,Kolkata
Skoda Superb,Skoda,2019,23235,Petrol,Auto,18835,1100000.0,7,Kolkata
KIA SELTOS,KIA,2020,52905,Petrol,Manual,14035,819999.9999999999,6,Kolkata
Tata Tiago,Tata,2022,27278,Petrol,Manual,7071,401000.0,4,Kolkata
Honda Amaze,Honda,2022,14306,Petrol,Auto,11121,630000.0,4,Kolkata
Honda WR-V,Honda,2018,36420,Petrol,Manual,7679,434999.99999999994,8,Kolkata
Honda WR-V,Honda,2017,55352,Petrol,Manual,6916,354000.0,9,Kolkata
Maruti Vitara Brezza,Maruti,2019,57090,Diesel,Auto,9882,560000.0,7,Kolkata
Honda Brio,Honda,2013,67018,Petrol,Manual,7183,153000.0,13,Kolkata
KIA SELTOS,KIA,2022,20815,Petrol,Manual,14897,869999.9999999999,4,Kolkata
Maruti Vitara Brezza,Maruti,2021,62466,Petrol,Manual,11739,665000.0,5,Kolkata
Hyundai GRAND I10 NIOS,Hyundai,2022,11002,Petrol,Manual,7202,408000.0,4,Kolkata
Mahindra XUV300,Mahindra,2021,39740,Petrol,Manual,11206,635000.0,5,Kolkata
Maruti Ertiga,Maruti,2021,79857,Petrol,Manual,11497,651000.0,5,Kolkata
Renault Kwid,Renault,2016,23438,Petrol,Auto,4110,185000.0,10,Kolkata
Honda City,Honda,2016,111496,Petrol,Manual,7674,345000.0,10,Kolkata
Honda Jazz,Honda,2018,84718,Diesel,Manual,7630,390000.0,8,Kolkata
MG HECTOR PLUS,MG,2020,91408,Petrol,Manual,16609,969999.9999999999,6,Kolkata
Hyundai Verna,Hyundai,2015,23905,Petrol,Manual,6973,265000.0,11,Kolkata
Tata NEXON,Tata,2022,66589,Petrol,Manual,8821,500000.0,4,Kolkata
KIA CARENS,KIA,2023,12078,Petrol,Auto,24719,1444000.0,3,Kolkata
Ford FREESTYLE,Ford,2021,113880,Petrol,Manual,9788,440000.00000000006,5,Kolkata
Toyota Glanza,Toyota,2019,45930,Petrol,Manual,7502,425000.0,7,Kolkata
Maruti S PRESSO,Maruti,2024,4041,Petrol,Manual,6796,385000.0,2,Kolkata
Hyundai New Elantra,Hyundai,2019,54199,Petrol,Auto,12533,710000.0,7,Kolkata
Tata NEXON,Tata,2023,19428,Petrol,Auto,15406,900000.0,3,Kolkata
KIA SELTOS,KIA,2019,54013,Petrol,Auto,13332,755000.0,7,Kolkata
Hyundai Verna,Hyundai,2024,5364,Petrol,Manual,18749,1095000.0,2,Kolkata
Honda Amaze,Honda,2022,20831,Petrol,Manual,8120,459999.99999999994,4,Kolkata
Tata TIAGO NRG,Tata,2019,54032,Petrol,Manual,5031,285000.0,7,Kolkata
Hyundai Grand i10,Hyundai,2014,105349,Petrol,Manual,7115,214000.0,12,Kolkata
KIA SONET,KIA,2021,24583,Petrol,Manual,10507,595000.0,5,Kolkata
Hyundai Verna,Hyundai,2014,60889,Petrol,Manual,7905,238000.0,12,Kolkata
Tata NEXON,Tata,2018,96812,Petrol,Manual,7581,429000.0,8,Kolkata
Maruti Baleno,Maruti,2023,19866,Petrol,Manual,11383,645000.0,3,Kolkata
Renault Kwid,Renault,2022,16332,Petrol,Manual,6090,345000.0,4,Kolkata
Maruti Alto,Maruti,2021,52097,Petrol,Manual,4325,245000.00000000003,5,Kolkata
Maruti Baleno,Maruti,2019,62634,Petrol,Manual,7502,425000.0,7,Kolkata
Maruti IGNIS,Maruti,2020,79536,Petrol,Auto,6443,365000.0,6,Kolkata
Maruti Alto 800,Maruti,2013,40587,Petrol,Manual,6363,135000.0,13,Kolkata
Hyundai Verna,Hyundai,2019,77010,Petrol,Auto,10415,590000.0,7,Kolkata
Hyundai Grand i10,Hyundai,2014,100120,Petrol,Manual,5813,175000.0,12,Kolkata
Hyundai Verna,Hyundai,2012,38133,Petrol,Manual,20435,229999.99999999997,14,Kolkata
Renault TRIBER,Renault,2021,10808,Petrol,Manual,6620,375000.0,5,Kolkata
Maruti New Wagon-R,Maruti,2021,18008,Petrol,Manual,6443,365000.0,5,Kolkata
Hyundai Elite i20,Hyundai,2018,39913,Petrol,Manual,6355,360000.0,8,Kolkata
Hyundai AURA,Hyundai,2020,47742,Petrol,Manual,6482,367000.0,6,Kolkata
Hyundai GRAND I10 NIOS,Hyundai,2023,29661,Petrol,Manual,7859,445000.0,3,Kolkata
Hyundai VENUE,Hyundai,2024,8305,Petrol,Manual,13752,779000.0,2,Kolkata
Maruti Celerio,Maruti,2017,51831,Petrol,Manual,4799,245000.00000000003,9,Kolkata
Maruti Celerio,Maruti,2018,76332,Petrol,Manual,4501,254999.99999999997,8,Kolkata
Tata NEXON,Tata,2022,87846,Petrol,Manual,10592,600000.0,4,Kolkata
Maruti Swift Dzire,Maruti,2015,48444,Petrol,Manual,6636,252000.0,11,Kolkata
Tata TIGOR,Tata,2022,33245,CNG,Manual,8915,505000.0,4,Kolkata
Toyota Glanza,Toyota,2023,4041,Petrol,Manual,9356,530000.0,3,Kolkata
Maruti Ertiga,Maruti,2020,74793,Petrol,Manual,11651,660000.0,6,Kolkata
Hyundai i20 Active,Hyundai,2016,86660,Petrol,Manual,6785,305000.0,10,Kolkata
Maruti Swift,Maruti,2013,74556,Petrol,Manual,8709,185000.0,13,Kolkata
Mahindra Thar,Mahindra,2021,51580,Petrol,Auto,14440,843000.0,5,Kolkata
Hyundai Grand i10,Hyundai,2017,54380,Petrol,Manual,5239,268000.0,9,Kolkata
Maruti Alto K10,Maruti,2023,50709,Petrol,Manual,5561,315000.0,3,Kolkata
KIA SELTOS,KIA,2021,30275,Petrol,Manual,12214,692000.0,5,Kolkata
Hyundai GRAND I10 NIOS,Hyundai,2023,9123,Petrol,Auto,9498,538000.0,3,Kolkata
Maruti New Wagon-R,Maruti,2021,11098,Petrol,Auto,6885,390000.0,5,Kolkata
Mahindra XUV500,Mahindra,2020,43592,Diesel,Manual,13769,780000.0,6,Kolkata
Hyundai Eon,Hyundai,2016,23594,Petrol,Manual,4004,180000.0,10,Kolkata
Maruti IGNIS,Maruti,2018,29145,Petrol,Manual,5751,326000.0,8,Kolkata
Maruti Wagon R 1.0,Maruti,2013,18175,Petrol,Manual,8473,180000.0,13,Kolkata
Maruti Ritz,Maruti,2012,53465,Petrol,Manual,12462,140000.0,14,Kolkata
Skoda Octavia,Skoda,2019,41724,Petrol,Auto,20625,1205000.0,7,Kolkata
Maruti Baleno,Maruti,2016,47594,Petrol,Manual,6896,310000.0,10,Kolkata
Maruti Swift Dzire,Maruti,2017,57076,Diesel,Auto,8342,375000.0,9,Kolkata
Ford Ecosport,Ford,2016,60970,Petrol,Manual,6795,305000.0,10,Kolkata
Hyundai Eon,Hyundai,2016,28280,Petrol,Manual,3868,174000.0,10,Kolkata
MG HECTOR,MG,2019,86762,Diesel,Manual,13685,775000.0,7,Kolkata
Honda City,Honda,2018,51392,Petrol,Manual,8562,484999.99999999994,8,Kolkata
Tata TIAGO NRG,Tata,2022,28771,Petrol,Manual,6705,380000.0,4,Kolkata
Maruti Swift Dzire,Maruti,2016,88858,Petrol,Auto,6340,285000.0,10,Kolkata
Maruti Grand Vitara,Maruti,2022,62308,Petrol,Manual,16612,969999.9999999999,4,Kolkata
Tata Tiago,Tata,2022,82299,Petrol,Manual,6371,361000.0,4,Kolkata
Maruti Celerio,Maruti,2015,34911,Petrol,Manual,6057,229999.99999999997,11,Kolkata
Maruti Swift,Maruti,2023,24785,Petrol,Manual,8385,475000.0,3,Kolkata
Maruti Swift,Maruti,2022,43123,Petrol,Manual,8911,505000.0,4,Kolkata
Maruti Swift,Maruti,2017,74732,Petrol,Manual,5772,295000.0,9,Kolkata
Hyundai i10,Hyundai,2013,31075,Petrol,Manual,7988,170000.0,13,Kolkata
Maruti Swift,Maruti,2014,19872,Petrol,Manual,7141,215000.0,12,Kolkata
Maruti Swift,Maruti,2016,95146,Petrol,Manual,5123,229999.99999999997,10,Kolkata
Hyundai Verna,Hyundai,2022,73143,Diesel,Auto,13469,763000.0,4,Kolkata
Honda City,Honda,2018,84269,Diesel,Manual,10068,515000.00000000006,8,Kolkata
Hyundai Grand i10,Hyundai,2014,87701,Petrol,Manual,6611,199000.0,12,Kolkata
Maruti Alto 800,Maruti,2017,28392,Petrol,Manual,4106,210000.0,9,Kolkata
Nissan Micra Active,Nissan,2018,63439,Petrol,Manual,4325,245000.00000000003,8,Kolkata
Maruti Celerio,Maruti,2025,197,Petrol,Manual,7598,430000.0,1,Kolkata
Maruti S PRESSO,Maruti,2019,42450,Petrol,Auto,5472,310000.0,7,Kolkata
Maruti Swift Dzire,Maruti,2016,108263,Petrol,Manual,5450,245000.00000000003,10,Kolkata
Datsun Redi Go,Datsun,2021,10455,Petrol,Manual,4325,245000.00000000003,5,Kolkata
Maruti Wagon R 1.0,Maruti,2017,58924,Petrol,Manual,5114,262000.0,9,Kolkata
Maruti Wagon R 1.0,Maruti,2014,68771,Petrol,Manual,6311,190000.0,12,Kolkata
Mahindra XUV300,Mahindra,2023,22230,Petrol,Manual,12357,700000.0,3,Kolkata
Maruti Baleno,Maruti,2021,91729,Petrol,Manual,7764,440000.00000000006,5,Kolkata
Maruti Wagon R 1.0,Maruti,2014,45506,Petrol,Manual,7141,215000.0,12,Kolkata
Tata Tiago,Tata,2018,106040,Petrol,Manual,6372,286000.0,8,Kolkata
Hyundai Elite i20,Hyundai,2016,35991,Petrol,Manual,7119,320000.0,10,Kolkata
Hyundai Elite i20,Hyundai,2017,22932,Petrol,Manual,7522,385000.0,9,Kolkata
Tata ALTROZ,Tata,2023,21889,Petrol,Manual,8826,500000.0,3,Kolkata
Maruti Celerio,Maruti,2021,22976,Petrol,Manual,6708,380000.0,5,Kolkata
Maruti Celerio,Maruti,2016,40892,Petrol,Manual,5561,250000.0,10,Kolkata
Tata ALTROZ,Tata,2024,9185,Petrol,Manual,10063,570000.0,2,Kolkata
Maruti Dzire,Maruti,2020,91004,Petrol,Auto,7238,409999.99999999994,6,Kolkata
Tata ALTROZ,Tata,2022,24279,Petrol,Auto,10672,605000.0,4,Kolkata
Hyundai GRAND I10 NIOS,Hyundai,2022,39827,Petrol,Manual,7763,440000.00000000006,4,Kolkata
Hyundai NEW SANTRO,Hyundai,2020,120427,Petrol,Manual,5898,265000.0,6,Kolkata
Maruti Alto 800,Maruti,2017,59696,Petrol,Manual,4106,210000.0,9,Kolkata
Hyundai NEW I20,Hyundai,2021,24998,Petrol,Auto,10561,598000.0,5,Kolkata
Honda Amaze,Honda,2021,43421,Petrol,Manual,8479,480000.0,5,Kolkata
MG ASTOR,MG,2022,17466,Petrol,Auto,18835,1100000.0,4,Kolkata
Tata NEXON,Tata,2022,60326,Petrol,Manual,9179,520000.0,4,Kolkata
Hyundai i20 Active,Hyundai,2018,43067,Petrol,Manual,8964,508000.0,8,Kolkata
Hyundai Creta,Hyundai,2016,67835,Petrol,Manual,9788,440000.00000000006,10,Kolkata
Hyundai NEW I20,Hyundai,2023,23073,Petrol,Manual,11742,665000.0,3,Kolkata
Skoda Superb,Skoda,2016,28278,Petrol,Auto,16238,730000.0,10,Kolkata
Tata PUNCH,Tata,2022,55147,Petrol,Auto,10772,610000.0,4,Kolkata
Maruti Swift Dzire,Maruti,2016,17567,Petrol,Manual,6228,280000.0,10,Kolkata
Maruti Swift,Maruti,2022,15803,Petrol,Manual,8473,480000.0,4,Kolkata
Maruti Vitara Brezza,Maruti,2018,54822,Diesel,Manual,9971,509999.99999999994,8,Kolkata
Renault TRIBER,Renault,2022,18634,Petrol,Manual,8826,500000.0,4,Kolkata
MG HECTOR,MG,2019,60175,Petrol,Auto,13943,814000.0,7,Kolkata
Hyundai VENUE,Hyundai,2022,52748,Diesel,Manual,11474,650000.0,4,Kolkata
Mahindra BOLERO NEO,Mahindra,2022,114913,Diesel,Manual,14236,640000.0,4,Kolkata
Honda Jazz,Honda,2016,94307,Petrol,Auto,6562,295000.0,10,Kolkata
KIA SELTOS,KIA,2022,32615,Petrol,Manual,15581,910000.0,4,Kolkata
KIA SELTOS,KIA,2019,38260,Petrol,Auto,13808,806000.0,7,Kolkata
Maruti Swift,Maruti,2016,67639,Petrol,Manual,5784,260000.0,10,Kolkata
Hyundai NEW SANTRO,Hyundai,2019,16359,Petrol,Auto,6031,342000.0,7,Kolkata
Skoda KUSHAQ,Skoda,2022,50926,Petrol,Auto,17294,1010000.0,4,Kolkata
Tata NEXON,Tata,2024,7773,Petrol,Auto,19859,1160000.0,2,Kolkata
Tata Tiago,Tata,2021,35941,Petrol,Manual,7149,405000.0,5,Kolkata
Maruti Baleno,Maruti,2019,73830,Petrol,Manual,7238,409999.99999999994,7,Kolkata
Mahindra BOLERO NEO,Mahindra,2022,60038,Diesel,Manual,12763,723000.0,4,Kolkata
Hyundai Grand i10,Hyundai,2019,105601,Petrol,Manual,7452,335000.0,7,Kolkata
Renault Kwid,Renault,2017,76720,Petrol,Auto,4301,220000.00000000003,9,Kolkata
Hyundai Creta,Hyundai,2018,98265,Petrol,Manual,9801,555000.0,8,Kolkata
Maruti Vitara Brezza,Maruti,2020,75835,Petrol,Auto,10768,610000.0,6,Kolkata
Hyundai Grand i10,Hyundai,2017,77839,Petrol,Auto,6256,320000.0,9,Kolkata
Honda WR-V,Honda,2018,31559,Petrol,Manual,8004,453000.0,8,Kolkata
Renault Kwid,Renault,2022,25914,Petrol,Manual,6005,340000.0,4,Kolkata
Hyundai NEW SANTRO,Hyundai,2020,113846,Petrol,Manual,6230,280000.0,6,Kolkata
Hyundai GRAND I10 NIOS,Hyundai,2022,56783,Petrol,Manual,8406,476000.0,4,Kolkata
Honda WR-V,Honda,2018,43123,Petrol,Manual,7944,450000.0,8,Kolkata
Hyundai NEW I20,Hyundai,2023,35729,Petrol,Auto,12533,710000.0,3,Kolkata
MG HECTOR PLUS,MG,2020,52035,Petrol,Manual,18663,1090000.0,6,Kolkata
Hyundai Grand i10,Hyundai,2016,67042,Petrol,Manual,5895,265000.0,10,Kolkata
Honda City,Honda,2023,50961,Petrol,Auto,16609,969999.9999999999,3,Kolkata
Maruti Grand Vitara,Maruti,2022,58453,Petrol,Auto,19948,1165000.0,4,Kolkata
Nissan MAGNITE,Nissan,2021,103033,Petrol,Auto,12457,560000.0,5,Kolkata
Honda City,Honda,2022,43284,Petrol,Auto,15050,878999.9999999999,4,Kolkata
Tata ALTROZ,Tata,2024,12097,Petrol,Auto,14468,844999.9999999999,2,Kolkata
Mahindra XUV300,Mahindra,2021,5206,Petrol,Manual,13647,773000.0,5,Kolkata
Mahindra XUV300,Mahindra,2022,91756,Diesel,Auto,14383,840000.0,4,Kolkata
Datsun Redi Go,Datsun,2019,20380,Petrol,Manual,3267,185000.0,7,Kolkata
MG ASTOR,MG,2021,51103,Petrol,Manual,14230,831000.0,5,Kolkata
KIA CARENS,KIA,2023,5561,Petrol,Manual,16938,989000.0,3,Kolkata
Hyundai NEW SANTRO,Hyundai,2022,24144,Petrol,Manual,6620,375000.0,4,Kolkata
Renault Kwid,Renault,2016,45598,Petrol,Manual,4493,202000.0,10,Kolkata
Tata PUNCH,Tata,2022,5550,Petrol,Manual,10412,590000.0,4,Kolkata
Maruti Alto K10,Maruti,2023,2502,Petrol,Manual,6441,365000.0,3,Kolkata
Hyundai Creta,Hyundai,2017,60103,Petrol,Manual,10726,549000.0,9,Kolkata
Maruti Alto 800,Maruti,2017,6055,Petrol,Manual,4770,244000.0,9,Kolkata
Maruti Swift Dzire,Maruti,2013,164203,Petrol,Manual,9838,209000.0,13,Kolkata
Maruti Swift Dzire,Maruti,2012,47245,Petrol,Manual,24078,271000.0,14,Kolkata
Honda Amaze,Honda,2018,62880,Petrol,Manual,6073,344000.0,8,Kolkata
Hyundai i10,Hyundai,2013,35719,Petrol,Manual,7296,155000.0,13,Kolkata
Tata NEXON,Tata,2019,45605,Petrol,Manual,7944,450000.0,7,Kolkata
Renault Kwid,Renault,2020,8716,Petrol,Manual,6443,365000.0,6,Kolkata
Hyundai Verna,Hyundai,2017,67467,Petrol,Auto,9169,469000.00000000006,9,Kolkata
Mahindra Scorpio,Mahindra,2021,100243,Diesel,Manual,25004,1150000.0,5,Kolkata
Ford Ecosport,Ford,2014,50000,Diesel,Manual,5649,120000.0,12,Kolkata
Honda Jazz,Honda,2017,67235,Petrol,Manual,6041,309000.0,9,Kolkata
Honda Jazz,Honda,2017,48469,Petrol,Manual,6608,338000.0,9,Kolkata
Honda Civic,Honda,2019,25311,Petrol,Auto,22019,1286000.0,7,Kolkata
Mahindra XUV500,Mahindra,2016,88867,Diesel,Manual,9823,373000.0,10,Kolkata
Honda Amaze,Honda,2019,37269,Petrol,Manual,5631,319000.0,7,Kolkata
Hyundai Grand i10,Hyundai,2018,35828,Petrol,Manual,5967,338000.0,8,Kolkata
Nissan MAGNITE,Nissan,2021,18928,Petrol,Manual,7043,399000.0,5,Kolkata
Tata Tiago,Tata,2021,18935,Petrol,Manual,8120,459999.99999999994,5,Kolkata
Maruti Wagon R 1.0,Maruti,2013,41834,Petrol,Manual,10215,217000.0,13,Kolkata
Volkswagen Polo,Volkswagen,2014,71253,Petrol,Manual,5480,165000.0,12,Kolkata
Maruti Dzire,Maruti,2021,46285,Petrol,Manual,7114,403000.0,5,Kolkata
Mahindra Kuv100,Mahindra,2016,75397,Petrol,Manual,3559,160000.0,10,Kolkata
Maruti Baleno,Maruti,2021,55722,Petrol,Manual,6178,350000.0,5,Kolkata
Maruti Wagon R 1.0,Maruti,2012,29427,Petrol,Manual,16170,182000.0,14,Kolkata
Maruti Swift Dzire,Maruti,2014,80326,Petrol,Manual,7706,231999.99999999997,12,Kolkata
Mahindra Kuv100,Mahindra,2016,65477,Diesel,Manual,4450,169000.0,10,Kolkata
Maruti Alto K10,Maruti,2012,53283,Petrol,Manual,12172,137000.0,14,Kolkata
Maruti FRONX,Maruti,2023,25908,Petrol,Auto,16095,940000.0,3,Kolkata
Hyundai i10,Hyundai,2012,70127,Petrol,Manual,12972,146000.0,14,Kolkata
MG HECTOR PLUS,MG,2023,27372,Petrol,Auto,29296,1711000.0,3,Kolkata
Maruti Swift,Maruti,2013,93290,Petrol,Manual,10356,220000.00000000003,13,Kolkata
Honda Amaze,Honda,2014,86338,Petrol,Manual,6676,200999.99999999997,12,Kolkata
Maruti Wagon R 1.0,Maruti,2013,32695,Petrol,Manual,8850,188000.0,13,Kolkata
Honda Jazz,Honda,2016,57556,Diesel,Manual,6057,229999.99999999997,10,Kolkata
Maruti Ritz,Maruti,2014,26352,Petrol,Manual,6444,194000.0,12,Kolkata
Toyota Etios,Toyota,2017,32372,Petrol,Manual,6667,341000.0,9,Kolkata
Honda Brio,Honda,2013,53959,Petrol,Auto,7908,168000.0,13,Kolkata
Volkswagen Polo,Volkswagen,2017,42592,Petrol,Manual,7351,376000.0,9,Kolkata
Renault TRIBER,Renault,2019,25199,Petrol,Manual,6355,360000.0,7,Kolkata
Maruti Alto 800,Maruti,2013,13282,Petrol,Manual,7532,160000.0,13,Kolkata
Maruti BREZZA,Maruti,2023,11438,Petrol,Auto,17979,1050000.0,3,Kolkata
Mahindra Thar,Mahindra,2021,17286,Petrol,Manual,15701,917000.0,5,Kolkata
Honda Brio,Honda,2013,48219,Petrol,Manual,5978,127000.0,13,Kolkata
Honda Brio,Honda,2012,33857,Petrol,Manual,10573,119000.0,14,Kolkata
Maruti Ritz,Maruti,2013,1,Petrol,Manual,6355,135000.0,13,Kolkata
Jeep Compass,Jeep,2021,10716,Petrol,Auto,24502,1431000.0,5,Kolkata
Mahindra BOLERO NEO,Mahindra,2024,23167,Diesel,Manual,14554,850000.0,2,Kolkata
Hyundai Grand i10,Hyundai,2015,38714,Petrol,Manual,6136,233000.0,11,Kolkata
Maruti New Wagon-R,Maruti,2022,73322,Petrol,Manual,5472,310000.0,4,Kolkata
Volkswagen Polo,Volkswagen,2013,28803,Petrol,Manual,10921,231999.99999999997,13,Kolkata
Renault Kwid,Renault,2017,58449,Petrol,Auto,3773,193000.0,9,Kolkata
Honda Amaze,Honda,2015,68574,Petrol,Manual,5267,200000.0,11,Kolkata
Maruti Celerio,Maruti,2017,14809,Petrol,Manual,4594,235000.0,9,Kolkata
Hyundai NEW I20,Hyundai,2021,26561,Petrol,Manual,8826,500000.0,5,Kolkata
Hyundai VENUE,Hyundai,2022,28405,Petrol,Manual,8597,487000.0,4,Kolkata
Honda Jazz,Honda,2016,58658,Petrol,Manual,4738,213000.0,10,Kolkata
Tata Tiago,Tata,2017,36937,Petrol,Manual,5220,267000.0,9,Kolkata
KIA CARENS,KIA,2024,10901,Diesel,Manual,18407,1075000.0,2,Kolkata
Hyundai Verna,Hyundai,2017,98927,Diesel,Manual,11078,498000.00000000006,9,Kolkata
Maruti Alto K10,Maruti,2012,104990,Petrol,Manual,11995,135000.0,14,Kolkata
Maruti Baleno,Maruti,2017,104113,Petrol,Manual,8075,363000.0,9,Kolkata
Maruti Zen Estilo,Maruti,2013,82580,Petrol,Manual,6449,137000.0,13,Kolkata
Tata NEXON,Tata,2019,67647,Petrol,Auto,9338,529000.0,7,Kolkata
Chevrolet Cruze,Chevrolet,2011,62063,Diesel,Manual,9338,124000.0,15,Kolkata
Honda Amaze,Honda,2015,42691,Petrol,Manual,5293,200999.99999999997,11,Kolkata
Hyundai Eon,Hyundai,2015,30337,Petrol,Manual,4292,163000.0,11,Kolkata
Tata Tiago,Tata,2017,39290,Petrol,Manual,5181,265000.0,9,Kolkata
Hyundai Grand i10,Hyundai,2015,40279,Petrol,Manual,5267,200000.0,11,Kolkata
Renault Kwid,Renault,2019,49524,Petrol,Manual,3707,210000.0,7,Kolkata
Hyundai i10,Hyundai,2011,70075,Petrol,Manual,3707,97000.0,15,Kolkata
Ford Figo,Ford,2013,4445,Petrol,Manual,6308,134000.0,13,Kolkata
Honda City,Honda,2017,50777,Petrol,Manual,6764,346000.0,9,Kolkata
Maruti Celerio,Maruti,2017,28054,Petrol,Auto,5259,269000.0,9,Kolkata
Maruti Swift,Maruti,2013,122561,Petrol,Manual,11203,238000.0,13,Kolkata
Honda Brio,Honda,2015,23088,Petrol,Manual,4345,165000.0,11,Kolkata
Hyundai Verna,Hyundai,2015,31235,Petrol,Manual,7321,278000.0,11,Kolkata
Maruti Celerio,Maruti,2015,121198,Petrol,Manual,4740,180000.0,11,Kolkata
Datsun Redi Go,Datsun,2018,25408,Petrol,Manual,2436,138000.0,8,Kolkata
Maruti Celerio,Maruti,2016,119491,Petrol,Manual,5583,250999.99999999997,10,Kolkata
Hyundai Elite i20,Hyundai,2017,65117,Petrol,Manual,6510,333000.0,9,Kolkata
Hyundai i10,Hyundai,2011,56578,Petrol,Manual,6510,101000.0,15,Kolkata
Renault Kwid,Renault,2017,29828,Petrol,Manual,3793,194000.0,9,Kolkata
Renault Scala,Renault,2013,64178,Diesel,Manual,9685,109000.00000000001,13,Kolkata
Tata YODHA,Tata,2024,10700,Diesel,Manual,11121,630000.0,2,Kolkata
Maruti Wagon R 1.0,Maruti,2014,43802,Petrol,Manual,6643,200000.0,12,Kolkata
Chevrolet Beat,Chevrolet,2013,69876,Diesel,Manual,5864,66000.0,13,Kolkata
Maruti Wagon R 1.0,Maruti,2015,61535,Petrol,Manual,6636,252000.0,11,Kolkata
Tata TIAGO NRG,Tata,2022,12307,Petrol,Manual,8261,468000.0,4,Kolkata
Volkswagen Ameo,Volkswagen,2017,124958,Diesel,Manual,5784,260000.0,9,Kolkata
Toyota Etios,Toyota,2012,115422,Diesel,Manual,5784,231999.99999999997,14,Kolkata
Maruti Ciaz,Maruti,2016,77591,Petrol,Manual,6940,312000.0,10,Kolkata
Honda City,Honda,2015,109444,Petrol,Manual,9401,357000.0,11,Kolkata
Tata TIGOR,Tata,2018,152308,Diesel,Manual,6673,300000.0,8,Kolkata
Hyundai AURA,Hyundai,2021,41889,Petrol,Manual,8526,483000.0,5,Kolkata
Maruti Ertiga,Maruti,2017,83087,Diesel,Manual,12679,570000.0,9,Kolkata
Maruti Alto,Maruti,2019,33554,Petrol,Manual,4148,235000.0,7,Kolkata
Hyundai Grand i10,Hyundai,2016,53155,Petrol,Manual,6673,300000.0,10,Kolkata
Hyundai Xcent,Hyundai,2014,94990,Petrol,Manual,7905,238000.0,12,Kolkata
Honda Jazz,Honda,2015,63892,Petrol,Auto,5872,223000.0,11,Kolkata
Hyundai i20 Active,Hyundai,2016,124000,Petrol,Manual,6673,300000.0,10,Kolkata
Tata PUNCH,Tata,2022,14364,Petrol,Manual,9886,560000.0,4,Kolkata
Honda Amaze,Honda,2015,74796,Petrol,Manual,5267,200000.0,11,Kolkata
Hyundai Elite i20,Hyundai,2016,130686,Diesel,Manual,7953,302000.0,10,Kolkata
Maruti Grand Vitara,Maruti,2023,24172,Petrol,Manual,12639,716000.0,3,Kolkata
Renault Duster,Renault,2014,145750,Diesel,Manual,9415,200000.0,12,Kolkata
Hyundai NEW SANTRO,Hyundai,2018,47102,Petrol,Manual,4201,238000.0,8,Kolkata
Maruti Celerio,Maruti,2017,45172,Petrol,Manual,5561,250000.0,9,Kolkata
Honda City,Honda,2017,30191,Petrol,Auto,9169,469000.00000000006,9,Kolkata
Maruti Wagon R 1.0,Maruti,2018,46241,Petrol,Auto,5119,290000.0,8,Kolkata
Honda City,Honda,2011,58827,Petrol,Manual,5119,163000.0,15,Kolkata
Mahindra XUV500,Mahindra,2016,86574,Diesel,Manual,10955,416000.0,10,Kolkata
Hyundai i20,Hyundai,2014,39334,Petrol,Manual,6178,186000.0,12,Kolkata
Renault Kwid,Renault,2021,23603,Petrol,Manual,5472,310000.0,5,Kolkata
Volkswagen Polo,Volkswagen,2011,41952,Petrol,Manual,5472,138000.0,15,Kolkata
Honda Amaze,Honda,2013,96371,Petrol,Manual,7532,160000.0,13,Kolkata
Honda Amaze,Honda,2016,77227,Petrol,Auto,4560,204999.99999999997,10,Kolkata
Toyota Etios,Toyota,2014,97101,Petrol,Manual,7872,237000.0,12,Kolkata
Maruti Zen Estilo,Maruti,2010,39011,Petrol,Manual,7872,65000.0,16,Kolkata
Maruti Swift,Maruti,2019,49786,Petrol,Manual,6037,342000.0,7,Kolkata
Hyundai NEW I20 N LINE,Hyundai,2021,8042,Petrol,Manual,11474,650000.0,5,Kolkata
Maruti Ciaz,Maruti,2017,42130,Petrol,Manual,6197,317000.0,9,Kolkata
Renault Duster,Renault,2012,84995,Diesel,Manual,6197,145000.0,14,Kolkata
Maruti Wagon R 1.0,Maruti,2011,43572,Petrol,Manual,6197,133000.0,15,Kolkata
Toyota Corolla Altis,Toyota,2015,96159,Petrol,Auto,10033,381000.0,11,Kolkata
Ford Figo,Ford,2014,105157,Diesel,Manual,5555,118000.0,12,Kolkata
Maruti Zen Estilo,Maruti,2011,44386,Petrol,Manual,5555,65000.0,15,Kolkata
Mahindra Kuv100,Mahindra,2016,59195,Diesel,Manual,6531,248000.0,10,Kolkata
Hyundai i10,Hyundai,2015,188636,Petrol,Manual,5154,196000.0,11,Kolkata
Hyundai Grand i10,Hyundai,2019,58459,Petrol,Manual,5472,310000.0,7,Kolkata
Maruti Baleno,Maruti,2017,64688,Petrol,Manual,6843,350000.0,9,Kolkata
Honda BR-V,Honda,2016,94234,Diesel,Manual,10481,398000.0,10,Kolkata
Volkswagen Polo,Volkswagen,2011,120090,Petrol,Manual,10481,132000.0,15,Kolkata
Hyundai Creta,Hyundai,2018,64658,Diesel,Auto,10244,524000.0,8,Kolkata
Maruti Wagon R 1.0,Maruti,2017,36391,Petrol,Manual,5474,280000.0,9,Kolkata
Volkswagen TAIGUN,Volkswagen,2022,79375,Petrol,Manual,12357,700000.0,4,Kolkata
Hyundai Eon,Hyundai,2012,17935,Petrol,Manual,14660,165000.0,14,Kolkata
Maruti Wagon R 1.0,Maruti,2011,26643,Petrol,Manual,14660,112000.00000000001,15,Kolkata
Ford Figo,Ford,2011,151809,Diesel,Manual,14660,68000.0,15,Kolkata
MG ASTOR,MG,2022,16273,Petrol,Manual,13769,780000.0,4,Kolkata
Hyundai i20,Hyundai,2011,84867,Petrol,Manual,13769,120000.0,15,Kolkata
Hyundai Xcent,Hyundai,2017,45706,Diesel,Manual,6251,281000.0,9,Kolkata
Toyota Innova,Toyota,2011,139084,Diesel,Manual,6251,238000.0,15,Kolkata
Tata NEXON,Tata,2023,25460,Petrol,Manual,14105,799000.0,3,Kolkata
Maruti Alto,Maruti,2011,29029,Petrol,Manual,14105,104000.0,15,Kolkata
Maruti Wagon R 1.0,Maruti,2011,43827,Petrol,Manual,14105,114999.99999999999,15,Kolkata
Datsun Go,Datsun,2018,35146,Petrol,Manual,2207,125000.0,8,Kolkata
Mahindra XUV700,Mahindra,2022,108075,Diesel,Auto,27417,1261000.0,4,Kolkata
Hyundai Creta,Hyundai,2018,39725,Petrol,Manual,8791,498000.00000000006,8,Kolkata
Toyota Etios,Toyota,2011,59053,Petrol,Manual,8791,150000.0,15,Kolkata
Tata NEXON,Tata,2021,33448,Diesel,Manual,16181,944999.9999999999,5,Kolkata
Hyundai Grand i10,Hyundai,2017,41365,Petrol,Manual,5572,285000.0,9,Kolkata
Ford Figo Aspire,Ford,2015,130177,Diesel,Manual,7340,221000.0,11,Kolkata
Maruti Baleno,Maruti,2018,104079,Diesel,Manual,9832,442000.0,8,Kolkata
Skoda SLAVIA,Skoda,2023,29267,Petrol,Auto,17979,1050000.0,3,Kolkata
Maruti Celerio,Maruti,2017,75624,Petrol,Manual,4985,254999.99999999997,9,Kolkata
Volkswagen Vento,Volkswagen,2010,108401,Petrol,Manual,4985,128000.0,16,Kolkata
Maruti S Cross,Maruti,2017,48167,Diesel,Manual,10143,455999.99999999994,9,Kolkata
Honda City,Honda,2020,53147,Petrol,Auto,13240,750000.0,6,Kolkata
Mahindra Verito Vibe CS,Mahindra,2014,42144,Diesel,Manual,6308,134000.0,12,Kolkata
Tata Bolt,Tata,2016,31531,Petrol,Manual,4093,184000.0,10,Kolkata
Hyundai Elite i20,Hyundai,2015,63167,Petrol,Manual,8084,307000.0,11,Kolkata
Hyundai Santro Xing,Hyundai,2011,46504,Petrol,Manual,8084,97000.0,15,Kolkata
BMW 5 Series,BMW,2017,86927,Diesel,Auto,33952,1562000.0,9,Kolkata
Maruti Baleno,Maruti,2017,46818,Petrol,Manual,7273,372000.0,9,Kolkata
Hyundai Grand i10,Hyundai,2015,104568,Petrol,Manual,5267,200000.0,11,Kolkata
Mahindra KUV 100 NXT,Mahindra,2020,75583,Petrol,Manual,4766,270000.0,6,Kolkata
Hyundai Elite i20,Hyundai,2016,60207,Petrol,Manual,7118,320000.0,10,Kolkata
Maruti Zen Estilo,Maruti,2011,57486,Petrol,Manual,7118,91000.0,15,Kolkata
Honda City,Honda,2013,73469,Petrol,Manual,9415,200000.0,13,Kolkata
Hyundai Grand i10,Hyundai,2017,61563,Petrol,Manual,6197,317000.0,9,Kolkata
Toyota Corolla Altis,Toyota,2011,281429,Diesel,Manual,6197,104000.0,15,Kolkata
Hyundai Grand i10,Hyundai,2018,42160,Petrol,Manual,5384,305000.0,8,Kolkata
Hyundai i20,Hyundai,2011,54989,Petrol,Manual,5384,133000.0,15,Kolkata
Tata NEXON,Tata,2022,20473,Petrol,Manual,10680,605000.0,4,Kolkata
Tata NEXON,Tata,2024,7679,Petrol,Manual,19605,1145000.0,2,Kolkata
Hyundai VENUE,Hyundai,2019,50773,Petrol,Manual,9003,509999.99999999994,7,Kolkata
Toyota Etios,Toyota,2011,81562,Petrol,Manual,9003,145000.0,15,Kolkata
Hyundai Grand i10,Hyundai,2016,64228,Petrol,Manual,6673,300000.0,10,Kolkata
Honda City,Honda,2015,96899,Petrol,Manual,8532,324000.0,11,Kolkata
Mahindra TUV300,Mahindra,2016,20934,Diesel,Manual,12087,459000.0,10,Kolkata
Hyundai Grand i10,Hyundai,2017,12717,Petrol,Manual,6295,322000.0,9,Kolkata
Toyota Corolla Altis,Toyota,2011,81811,Petrol,Manual,6295,193000.0,15,Kolkata
Maruti Vitara Brezza,Maruti,2017,212543,Diesel,Manual,8898,400000.0,9,Kolkata
Maruti S Cross,Maruti,2022,47039,Petrol,Manual,8650,490000.00000000006,4,Kolkata
Maruti Dzire,Maruti,2019,39800,Petrol,Manual,8985,509000.0,7,Kolkata
Honda Brio,Honda,2015,56075,Petrol,Manual,5714,217000.0,11,Kolkata
Maruti Baleno,Maruti,2023,4653,Petrol,Auto,12180,690000.0,3,Kolkata
CITROEN C5 AIRCROSS,CITROEN,2021,45416,Diesel,Auto,29108,1700000.0,5,Kolkata
Hyundai i20,Hyundai,2014,87317,Diesel,Manual,10262,218000.00000000003,12,Kolkata
Hyundai Grand i10,Hyundai,2015,17533,Petrol,Manual,8111,308000.0,11,Kolkata
Maruti Swift,Maruti,2021,9984,Petrol,Manual,9303,527000.0,5,Kolkata
Maruti Vitara Brezza,Maruti,2017,137082,Diesel,Manual,10099,454000.0,9,Kolkata
Hyundai NEW SANTRO,Hyundai,2018,43663,Petrol,Auto,5296,300000.0,8,Kolkata
BMW 2 SERIES GRAN COUPE,BMW,2021,19109,Diesel,Auto,51145,2987000.0,5,Kolkata
Mahindra XUV500,Mahindra,2015,137469,Diesel,Manual,16043,483000.0,11,Kolkata
Hyundai i20 Active,Hyundai,2017,41500,Petrol,Manual,9677,495000.0,9,Kolkata
Hyundai Xcent,Hyundai,2016,51453,Petrol,Manual,5272,237000.0,10,Kolkata
Maruti Baleno,Maruti,2020,57204,Petrol,Manual,8261,468000.0,6,Kolkata
Skoda Rapid,Skoda,2016,45053,Diesel,Manual,10534,400000.0,10,Kolkata
Hyundai Grand i10,Hyundai,2016,36074,Petrol,Manual,5561,250000.0,10,Kolkata
Tata ALTROZ,Tata,2022,21931,Petrol,Manual,9991,566000.0,4,Kolkata
Ford Ecosport,Ford,2015,76694,Diesel,Manual,12489,376000.0,11,Kolkata
Renault Kwid,Renault,2021,10995,Petrol,Manual,7449,422000.0,5,Kolkata
Honda Jazz,Honda,2018,73995,Petrol,Manual,5349,303000.0,8,Kolkata
Hyundai Creta,Hyundai,2017,93383,Diesel,Manual,10344,465000.00000000006,9,Kolkata
Maruti Ciaz,Maruti,2018,55617,Petrol,Manual,7944,450000.0,8,Kolkata
Toyota Glanza,Toyota,2023,20281,Petrol,Manual,9303,527000.0,3,Kolkata
Hyundai Creta,Hyundai,2016,50821,Petrol,Manual,10566,475000.0,10,Kolkata
Nissan MAGNITE,Nissan,2021,66013,Petrol,Manual,9903,561000.0,5,Kolkata
Audi A3,Audi,2015,79101,Diesel,Auto,20925,630000.0,11,Kolkata
Hyundai Creta,Hyundai,2015,86732,Petrol,Manual,10586,401999.99999999994,11,Kolkata
Honda City,Honda,2013,73226,Petrol,Manual,11863,252000.0,13,Kolkata
MG ASTOR,MG,2023,47002,Petrol,Auto,17979,1050000.0,3,Kolkata
Maruti Ciaz,Maruti,2016,66656,Diesel,Manual,9480,360000.0,10,Kolkata
Tata NEXON,Tata,2022,72401,Petrol,Manual,9497,538000.0,4,Kolkata
Ford Figo Aspire,Ford,2016,103132,Petrol,Manual,4716,212000.0,10,Kolkata
KIA SELTOS,KIA,2021,102270,Diesel,Manual,14459,650000.0,5,Kolkata
Maruti Baleno,Maruti,2018,50746,Petrol,Manual,7661,434000.0,8,Kolkata
Maruti Ertiga,Maruti,2017,177968,Diesel,Manual,14014,630000.0,9,Kolkata
Honda City,Honda,2021,27186,Petrol,Manual,11009,624000.0,5,Kolkata
Maruti Dzire,Maruti,2019,30964,Petrol,Manual,10766,484000.0,7,Kolkata
Tata Tiago,Tata,2020,20854,Petrol,Auto,8879,503000.0,6,Kolkata
BMW 3 Series,BMW,2020,10363,Petrol,Auto,56504,3300000.0,6,Kolkata
Hyundai NEW SANTRO,Hyundai,2018,22345,Petrol,Manual,5614,318000.0,8,Kolkata
Maruti S PRESSO,Maruti,2022,32986,Petrol,Manual,5825,330000.0,4,Kolkata
Ford Ecosport,Ford,2017,74881,Diesel,Manual,7852,353000.0,9,Kolkata
Hyundai GRAND I10 NIOS,Hyundai,2022,38396,Petrol,Manual,8932,505999.99999999994,4,Kolkata
KIA CARENS,KIA,2022,7291,Petrol,Manual,14657,856000.0,4,Kolkata
Hyundai Elite i20,Hyundai,2016,85608,Diesel,Manual,8348,317000.0,10,Kolkata
Hyundai Verna,Hyundai,2024,4896,Petrol,Manual,20889,1220000.0,2,Kolkata
Toyota URBAN CRUISER HYRYDER,Toyota,2022,35948,Hybrid,Auto,23543,1375000.0,4,Kolkata
Maruti Swift Dzire,Maruti,2010,50247,Petrol,Manual,23543,342000.0,16,Kolkata
Hyundai i20 Active,Hyundai,2016,42145,Petrol,Manual,7207,324000.0,10,Kolkata
Honda Amaze,Honda,2023,14172,Petrol,Auto,11595,657000.0,3,Kolkata
Maruti Ciaz,Maruti,2019,118417,Petrol,Auto,14503,652000.0,7,Kolkata
Mercedes Benz C Class,Mercedes,2013,92205,Diesel,Auto,50555,569000.0,13,Kolkata
Tata Hexa,Tata,2018,224082,Diesel,Manual,13525,608000.0,8,Kolkata
Ford FREESTYLE,Ford,2019,97554,Petrol,Manual,6320,358000.0,7,Kolkata
Maruti Ertiga,Maruti,2012,104405,Diesel,Manual,6320,307000.0,14,Kolkata
Honda City,Honda,2019,41362,Petrol,Manual,9921,562000.0,7,Kolkata
Hyundai NEW SANTRO,Hyundai,2018,12561,Petrol,Auto,6090,345000.0,8,Kolkata
Hyundai Grand i10,Hyundai,2017,82139,Petrol,Manual,5865,300000.0,9,Kolkata
Maruti Baleno,Maruti,2019,56185,Petrol,Manual,8473,480000.0,7,Kolkata
Ford Ecosport,Ford,2021,3700,Petrol,Manual,11598,657000.0,5,Kolkata
Maruti Alto K10,Maruti,2022,3778,Petrol,Manual,7061,400000.0,4,Kolkata
Honda City,Honda,2014,60741,Petrol,Auto,11658,351000.0,12,Kolkata
Skoda KUSHAQ,Skoda,2023,18930,Petrol,Manual,20958,1224000.0,3,Kolkata
Hyundai Elite i20,Hyundai,2018,41222,Petrol,Manual,8544,484000.0,8,Kolkata
Mahindra XUV500,Mahindra,2020,68106,Diesel,Manual,20547,1200000.0,6,Kolkata
Tata Tigor Buzz,Tata,2018,39362,Diesel,Manual,6843,350000.0,8,Kolkata
Maruti Dzire,Maruti,2018,69156,Petrol,Auto,7326,415000.00000000006,8,Kolkata
Maruti Baleno,Maruti,2023,4481,Petrol,Auto,11563,655000.0,3,Kolkata
Toyota Etios Liva,Toyota,2016,57076,Petrol,Manual,5917,266000.0,10,Kolkata
KIA CARENS,KIA,2022,52581,Diesel,Manual,16095,940000.0,4,Kolkata
Hyundai Grand i10,Hyundai,2015,32911,Petrol,Manual,7900,300000.0,11,Kolkata
Honda Amaze,Honda,2019,50811,Petrol,Manual,7238,409999.99999999994,7,Kolkata
Maruti Baleno,Maruti,2018,68412,Petrol,Manual,7291,413000.0,8,Kolkata
Maruti Ertiga,Maruti,2016,124983,Petrol,Manual,10766,484000.0,10,Kolkata
Hyundai EXTER,Hyundai,2025,11338,Petrol,Manual,12039,682000.0,1,Kolkata
Tata PUNCH,Tata,2024,11055,Petrol,Auto,14314,836000.0,2,Kolkata
Jeep Compass,Jeep,2019,106004,Diesel,Manual,23917,1100000.0,7,Kolkata
Maruti Grand Vitara,Maruti,2023,13903,Petrol,Manual,13698,800000.0,3,Kolkata
Mahindra XUV700,Mahindra,2023,34248,Diesel,Manual,30803,1798999.9999999998,3,Kolkata
Hyundai Creta,Hyundai,2017,49520,Diesel,Manual,12234,550000.0,9,Kolkata
Volkswagen Ameo,Volkswagen,2018,62771,Petrol,Manual,7008,397000.0,8,Kolkata
Ford Ecosport,Ford,2013,75007,Diesel,Manual,23190,261000.0,13,Kolkata
Honda Amaze,Honda,2020,37535,Petrol,Manual,8968,508000.0,6,Kolkata
Hyundai Creta,Hyundai,2020,780000,Diesel,Manual,17751,798000.0,6,Kolkata
Tata ALTROZ,Tata,2024,49077,Petrol,Manual,9833,557000.0,2,Kolkata
Tata Safari,Tata,2022,61435,Diesel,Manual,18835,1100000.0,4,Kolkata
Maruti Alto K10,Maruti,2022,4850,Petrol,Manual,5967,338000.0,4,Kolkata
Mahindra SCORPIO-N,Mahindra,2023,34544,Diesel,Auto,32789,1914999.9999999998,3,Kolkata
Mahindra XUV700,Mahindra,2023,23245,Petrol,Auto,29108,1700000.0,3,Kolkata
Hyundai GRAND I10 NIOS,Hyundai,2025,5776,Petrol,Manual,9709,550000.0,1,Kolkata
Maruti New Wagon-R,Maruti,2021,24638,Petrol,Manual,7185,407000.0,5,Kolkata
Hyundai VENUE,Hyundai,2021,42316,Petrol,Manual,11298,640000.0,5,Kolkata
Maruti Vitara Brezza,Maruti,2019,50732,Diesel,Manual,9709,550000.0,7,Kolkata
KIA CARENS,KIA,2022,1062,Petrol,Auto,19691,1150000.0,4,Kolkata
Honda Jazz,Honda,2018,95112,Petrol,Auto,7679,434999.99999999994,8,Kolkata
Tata ALTROZ,Tata,2023,18345,Petrol,Manual,10768,610000.0,3,Kolkata
Honda City,Honda,2016,42964,Petrol,Manual,9165,412000.0,10,Kolkata
Maruti Ciaz,Maruti,2020,71246,Petrol,Manual,7855,445000.0,6,Kolkata
KIA SONET,KIA,2021,68056,Diesel,Auto,13751,779000.0,5,Kolkata
Toyota Camry,Toyota,2017,42258,Hybrid,Auto,22289,1171000.0,9,Kolkata
Honda Jazz,Honda,2018,30645,Petrol,Manual,6161,349000.0,8,Kolkata
Hyundai NEW SANTRO,Hyundai,2019,34887,Petrol,Manual,5667,321000.0,7,Kolkata
MG HECTOR PLUS,MG,2023,23202,Petrol,Auto,29519,1723999.9999999998,3,Kolkata
KIA SELTOS,KIA,2022,97744,Diesel,Manual,18287,1068000.0,4,Kolkata
Hyundai VENUE,Hyundai,2021,27975,Petrol,Manual,12498,708000.0,5,Kolkata
Hyundai New Elantra,Hyundai,2020,54537,Petrol,Manual,12004,680000.0,6,Kolkata
Hyundai Creta,Hyundai,2019,36686,Petrol,Auto,15239,890000.0,7,Kolkata
Hyundai VENUE,Hyundai,2019,65006,Petrol,Manual,9709,550000.0,7,Kolkata
BMW X5,BMW,2012,49648,Diesel,Auto,9709,833000.0,14,Kolkata
Honda City,Honda,2022,24954,Petrol,Manual,13593,770000.0,4,Kolkata
Hyundai Verna,Hyundai,2020,75193,Petrol,Manual,14034,795000.0,6,Kolkata
Skoda KUSHAQ,Skoda,2023,17800,Petrol,Auto,20547,1200000.0,3,Kolkata
Hyundai EXTER,Hyundai,2023,19033,Petrol,Manual,11474,650000.0,3,Kolkata
Nissan Terrano,Nissan,2016,250000,Diesel,Manual,8032,305000.0,10,Kolkata
Toyota INNOVA HYCROSS,Toyota,2023,63922,Hybrid,Auto,36556,2135000.0,3,Kolkata
Skoda KUSHAQ,Skoda,2023,6802,Petrol,Manual,17687,1033000.0,3,Kolkata
Hyundai Verna,Hyundai,2023,31193,Petrol,Auto,25136,1468000.0,3,Kolkata
Hyundai EXTER,Hyundai,2023,23424,Petrol,Manual,12357,700000.0,3,Kolkata
KIA SELTOS,KIA,2021,105009,Diesel,Manual,19568,900000.0,5,Kolkata
MG ASTOR,MG,2022,19037,Petrol,Auto,16266,950000.0,4,Kolkata
Tata Safari,Tata,2022,49351,Diesel,Auto,28149,1644000.0000000002,4,Kolkata
Skoda KUSHAQ,Skoda,2025,14747,Petrol,Manual,23971,1400000.0,1,Kolkata
Hyundai Verna,Hyundai,2023,27850,Petrol,Auto,20050,1171000.0,3,Kolkata
Hyundai Creta,Hyundai,2020,99000,Diesel,Auto,18835,1100000.0,6,Kolkata
Audi Q2,Audi,2020,49284,Petrol,Auto,28252,1650000.0,6,Kolkata
Maruti S PRESSO,Maruti,2023,10497,Petrol,Manual,7238,409999.99999999994,3,Kolkata
Maruti Baleno,Maruti,2017,46153,Petrol,Auto,8387,429000.0,9,Kolkata
Maruti S Cross,Maruti,2015,99331,Diesel,Manual,10562,318000.0,11,Kolkata
Jeep Compass,Jeep,2018,32783,Diesel,Manual,17492,919000.0,8,Kolkata
Maruti Ciaz,Maruti,2018,51479,Petrol,Manual,7238,409999.99999999994,8,Kolkata
Hyundai VENUE,Hyundai,2021,28754,Petrol,Manual,12269,695000.0,5,Kolkata
Ford Ecosport,Ford,2020,11974,Petrol,Auto,13784,805000.0000000001,6,Kolkata
Mahindra Thar,Mahindra,2022,35402,Diesel,Manual,20855,1218000.0,4,Kolkata
MG HECTOR PLUS,MG,2021,20059,Petrol,Auto,23971,1400000.0,5,Kolkata
Tata Safari,Tata,2022,20056,Diesel,Manual,21403,1250000.0,4,Kolkata
KIA SONET,KIA,2022,52444,Diesel,Manual,13875,786000.0,4,Kolkata
KIA SONET,KIA,2024,13366,Petrol,Auto,18492,1080000.0,2,Kolkata
Maruti BREZZA,Maruti,2023,19045,Petrol,Manual,17122,1000000.0,3,Kolkata
Skoda Rapid,Skoda,2020,7245,Petrol,Auto,14742,861000.0,6,Kolkata
Mercedes Benz A Class,Mercedes,2014,45101,Petrol,Auto,33492,1023000.0,12,Kolkata
Mahindra MARAZZO,Mahindra,2021,56735,Diesel,Manual,13328,755000.0,5,Kolkata
Skoda Octavia,Skoda,2016,59547,Petrol,Auto,14459,650000.0,10,Kolkata
KIA SELTOS,KIA,2021,20765,Petrol,Auto,20119,1175000.0,5,Kolkata
Hyundai NEW I20 N LINE,Hyundai,2023,11551,Petrol,Auto,13808,806000.0,3,Kolkata
Honda City,Honda,2022,21860,Petrol,Manual,14554,850000.0,4,Kolkata
KIA SONET,KIA,2023,7342,Petrol,Manual,16266,950000.0,3,Kolkata
Jaguar XJ L,Jaguar,2011,82994,Petrol,Auto,16266,1921000.0,15,Kolkata
Honda City,Honda,2016,34167,Petrol,Manual,10744,483000.0,10,Kolkata
KIA SELTOS,KIA,2021,42882,Petrol,Auto,17979,1050000.0,5,Kolkata
Maruti Swift,Maruti,2023,34916,Petrol,Manual,11474,650000.0,3,Kolkata
Toyota Fortuner,Toyota,2017,34751,Diesel,Manual,47638,2191000.0,9,Kolkata
MG HECTOR PLUS,MG,2021,14861,Petrol,Auto,21403,1250000.0,5,Kolkata
Mahindra XUV700,Mahindra,2024,7595,Diesel,Auto,36813,2150000.0,2,Kolkata
MG HECTOR,MG,2021,29505,Petrol,Auto,21831,1275000.0,5,Kolkata
BMW 3 SERIES GRAN LIMOUSINE,BMW,2021,12536,Petrol,Auto,69346,4050000.0,5,Kolkata
Hyundai VENUE N LINE,Hyundai,2024,15184,Petrol,Manual,17122,1000000.0,2,Kolkata
Maruti Vitara Brezza,Maruti,2018,78157,Diesel,Auto,10753,550000.0,8,Kolkata
KIA SELTOS,KIA,2021,30995,Petrol,Auto,18595,1086000.0,5,Kolkata
Hyundai Creta,Hyundai,2022,47834,Diesel,Manual,18407,1075000.0,4,Kolkata
Landrover DISCOVERY SPORT,Landrover,2017,132515,Diesel,Auto,37267,1714000.0,9,Kolkata
KIA SELTOS,KIA,2022,47210,Petrol,Manual,15410,900000.0,4,Kolkata
Renault Kwid,Renault,2022,6812,Petrol,Manual,6549,371000.0,4,Kolkata
Landrover Freelander,Landrover,2016,170529,Diesel,Auto,48874,1891000.0,10,Kolkata
Toyota URBAN CRUISER HYRYDER,Toyota,2024,8847,Petrol,Auto,29262,1709000.0,2,Kolkata
Hyundai Verna,Hyundai,2023,35927,Petrol,Manual,21677,1266000.0,3,Kolkata
MG HECTOR,MG,2022,107185,Petrol,Auto,26678,1227000.0,4,Kolkata
Toyota Innova,Toyota,2014,282439,Diesel,Manual,26926,572000.0,12,Kolkata
Honda City,Honda,2020,50864,Petrol,Manual,17722,1035000.0,6,Kolkata
Mahindra XUV700,Mahindra,2025,8470,Petrol,Auto,34296,2003000.0,1,Kolkata
Tata TIAGO EV,Tata,2023,33950,Electric,Auto,15256,891000.0,3,Kolkata
KIA SONET,KIA,2022,25083,Petrol,Manual,15188,886999.9999999999,4,Kolkata
Jeep Compass,Jeep,2023,31867,Diesel,Auto,40238,2350000.0,3,Kolkata
MG HECTOR PLUS,MG,2025,11428,Petrol,Auto,25958,1516000.0,1,Kolkata
MG HECTOR,MG,2021,24500,Petrol,Auto,21403,1250000.0,5,Kolkata
Toyota Innova Crysta,Toyota,2024,24095,Diesel,Manual,38183,2230000.0,2,Kolkata
BMW X5,BMW,2015,105626,Diesel,Auto,47471,1450000.0,11,Kolkata
Hyundai Tucson,Hyundai,2023,17934,Petrol,Auto,43337,2531000.0,3,Kolkata
Honda City,Honda,2021,25314,Petrol,Manual,13903,811999.9999999999,5,Kolkata
Hyundai ALCAZAR,Hyundai,2021,92643,Diesel,Manual,23184,1354000.0,5,Kolkata
Tata TIAGO EV,Tata,2023,32489,Electric,Auto,12357,700000.0,3,Kolkata
Tata NEXON EV,Tata,2021,79343,Electric,Auto,19794,1156000.0,5,Kolkata
Honda City,Honda,2021,43960,Petrol,Auto,14554,850000.0,5,Kolkata
Jeep MERIDIAN,Jeep,2022,67855,Diesel,Auto,43508,2541000.0,4,Kolkata
Hyundai ALCAZAR,Hyundai,2025,6875,Petrol,Manual,31471,1838000.0,1,Kolkata
MG ZS EV,MG,2023,35450,Electric,Auto,25684,1500000.0,3,Kolkata
KIA CARNIVAL,KIA,2020,98257,Diesel,Auto,35341,2064000.0,6,Kolkata
MG HECTOR PLUS,MG,2025,14646,Petrol,Auto,33235,1941000.0,1,Kolkata
Honda Amaze,Honda,2018,55014,Petrol,Auto,6549,371000.0,8,Kolkata
Volvo XC 90,Volvo,2017,84053,Diesel,Auto,54204,2493000.0,9,Kolkata
KIA CARENS,KIA,2023,7889,Petrol,Manual,21317,1245000.0,3,Kolkata
BMW 2 SERIES GRAN COUPE,BMW,2023,6172,Petrol,Auto,51881,3030000.0,3,Kolkata
Hyundai Elite i20,Hyundai,2016,25728,Petrol,Manual,6562,295000.0,10,Kolkata
Maruti Baleno,Maruti,2017,78651,Petrol,Manual,6725,344000.0,9,Kolkata
Hyundai i20 Active,Hyundai,2016,23773,Petrol,Manual,11434,513999.99999999994,10,Kolkata
Maruti Baleno,Maruti,2020,5655,Petrol,Manual,8526,483000.0,6,Kolkata
Renault Kwid,Renault,2018,47085,Petrol,Manual,2754,156000.0,8,Kolkata
Maruti Dzire,Maruti,2018,52210,Petrol,Manual,5734,325000.0,8,Kolkata
Maruti Swift,Maruti,2018,45094,Petrol,Manual,5650,320000.0,8,Kolkata
Maruti Baleno,Maruti,2017,66316,Petrol,Manual,7228,370000.0,9,Kolkata
Maruti Swift,Maruti,2021,73464,Petrol,Auto,7414,420000.0,5,Kolkata
KIA SONET,KIA,2021,34904,Petrol,Manual,8473,480000.0,5,Kolkata
Maruti Swift,Maruti,2019,60014,Petrol,Auto,6708,380000.0,7,Kolkata
Honda Amaze,Honda,2018,33222,Petrol,Manual,6531,370000.0,8,Kolkata
Honda Amaze,Honda,2016,91111,Petrol,Manual,5005,225000.0,10,Kolkata
Hyundai Creta,Hyundai,2018,28510,Petrol,Manual,10062,570000.0,8,Kolkata
KIA SELTOS,KIA,2020,74186,Diesel,Manual,11651,660000.0,6,Kolkata
KIA SELTOS,KIA,2020,28909,Petrol,Manual,11065,627000.0,6,Kolkata
Hyundai NEW SANTRO,Hyundai,2020,13277,Petrol,Manual,5024,285000.0,6,Kolkata
Maruti Celerio,Maruti,2019,7836,Petrol,Manual,5649,320000.0,7,Kolkata
Maruti Swift,Maruti,2019,20580,Petrol,Manual,7066,400000.0,7,Kolkata
Hyundai i10,Hyundai,2013,48585,Petrol,Manual,7076,150000.0,13,Kolkata
Maruti Eeco,Maruti,2023,1621,Petrol,Manual,7586,430000.0,3,Kolkata
Jeep Compass,Jeep,2018,39388,Diesel,Manual,13001,665000.0,8,Kolkata
Hyundai GRAND I10 NIOS,Hyundai,2023,15028,Petrol,Auto,9709,550000.0,3,Kolkata
Mahindra KUV 100 NXT,Mahindra,2017,38530,Petrol,Manual,3910,200000.0,9,Kolkata
Mahindra TUV300,Mahindra,2016,81481,Diesel,Manual,9743,370000.0,10,Kolkata
Hyundai i10,Hyundai,2013,21011,Petrol,Manual,8285,176000.0,13,Kolkata
KIA SELTOS,KIA,2022,13589,Petrol,Manual,15844,925000.0,4,Kolkata
Maruti Baleno,Maruti,2020,33897,Petrol,Manual,8826,500000.0,6,Kolkata
